SMILES,Name
,
C=C(C)c1cc(C#N)ccc1NC(=O)c1cc(C)nc2cc(F)ccc12,0_Library_D
,
CC(=O)C(C)(Cc1ccccc1)NC(=O)C1(c2ccc(F)cc2F)CC1,1_Library_D
,
CC(=O)C(C)(NC(=O)C(C)c1ccc(Cl)cc1)c1ccccc1,2_Library_D
,
CC(=O)C(C)(NC(=O)c1c(O)cnc2cc(F)ccc12)c1ccccc1,3_Library_D
,
CC(=O)N(C)C(CNC(=O)C(F)c1ccc(F)cc1)c1ccc(F)cc1,4_Library_D
,
CC(=O)N1CCCC1(C)C(=O)OC(C(=O)OCc1ccccc1)c1ccc(F)cc1,5_Library_D
,
CC(=O)N1CCN(C(=O)NC(C)(C)C2Cc3ccccc3O2)c2ccc(F)cc2C1,6_Library_D
,
CC(=O)NC(C(=O)N1CC(c2ccccc2)C1CO)c1ccc(Cl)cc1,7_Library_D
,
CC(=O)NC(Cc1c[nH]c2ccccc12)C(=O)N1CCc2cc(F)cnc21,8_Library_D
,
CC(=O)Nc1cccc(CC(=O)N2CCN(C)c3cc(F)ccc32)c1,9_Library_D
,
CC(=O)c1cc(Br)cnc1NC(=O)C1(c2ncccc2F)CC1,10_Library_D
,
CC(=O)c1cc(Br)cnc1NC(=O)Nc1ccc(Cl)c(C(=O)O)c1,11_Library_D
,
CC(=O)c1cc(F)ccc1N(C)C(=O)Nc1ccc(C(=O)N(C)C)cc1C,12_Library_D
,
CC(=O)c1cc(F)ccc1NC(=O)C1(c2ccccc2Cl)CC(=O)C1,13_Library_D
,
CC(=O)c1cc(F)ccc1NC(=O)CC1Cc2ccccc2N1,14_Library_D
,
CC(=O)c1cc(F)ccc1NC(=O)c1ccnc2cc(C)ccc12,15_Library_D
,
CC(C(=O)N1CCC(c2cc(=O)[nH]c(=O)[nH]2)CC1)c1ccc(F)cc1,16_Library_D
,
CC(C(=O)N1CCCC1C(=O)Nc1ccc(Br)cc1)c1cnccn1,17_Library_D
,
CC(C(=O)N1CCN(c2ncccn2)C(=O)C1)c1ccc(F)cc1F,18_Library_D
,
CC(C(=O)N1CCc2cc(Br)cnc21)c1cncc(F)c1,19_Library_D
,
CC(C(=O)NC(c1ccc(F)cc1)c1nc(C2CC2)no1)c1ccc(F)cc1F,20_Library_D
,
CC(C(=O)NC1(C(=O)Nc2ccc(F)cc2)CC1)c1cncc(F)c1,21_Library_D
,
CC(C(=O)NC1CSc2ccccc2O1)c1ccc(F)cc1F,22_Library_D
,
CC(C(=O)NCC1CCCN1c1nccnc1F)c1ccc(F)cc1Cl,23_Library_D
,
CC(C(=O)NCCC(O)c1ccc(Cl)c(Cl)c1)c1ccc(F)cn1,24_Library_D
,
CC(C(=O)NCc1cccc(NC(=O)NC(C)(C)C)c1)c1ccc(F)cc1F,25_Library_D
,
CC(C(=O)NS(=O)(=O)c1cncc(C(F)F)c1)c1ccc(F)cc1F,26_Library_D
,
CC(C(=O)Nc1ccc(Cl)cc1)N1CCOC2c3ccccc3OCC21,27_Library_D
,
CC(C(=O)Nc1ccc(F)cc1)N(C)Cc1ccc2c(c1)CNCC2,28_Library_D
,
CC(C(=O)Nc1ccc(F)cc1N1CCNCC1)c1cc2ccccc2o1,29_Library_D
,
CC(C(=O)Nc1cnc(Cl)nc1N(C)C)c1ccc2c(c1)OCO2,30_Library_D
,
CC(C(N)=O)c1ccc(NC(=O)N(CCC#N)c2ccc(F)cc2)cc1,31_Library_D
,
CC(C)(C(=O)N1CCCn2c(cc3ccc(F)cc32)C1)c1ccc(F)cn1,32_Library_D
,
CC(C)(C(=O)N1CCOc2cccc(C(=O)O)c2C1)c1ccc(F)cn1,33_Library_D
,
CC(C)(C(=O)NC(Cc1ccccc1)c1ncon1)c1ccc(F)cn1,34_Library_D
,
CC(C)(C(=O)NCC1C(C(=O)O)C1c1ccccc1)c1ccc(F)cc1,35_Library_D
,
CC(C)(C(=O)NCC1CCCc2ccccc2C1)c1ccc(F)cn1,36_Library_D
,
CC(C)(C(=O)NCc1c(F)cc(C(F)(F)F)cc1F)c1ccc(F)cc1,37_Library_D
,
CC(C)(C(=O)NCc1c[nH]c(=O)[nH]c1=O)c1ccc(F)cc1,38_Library_D
,
CC(C)(C(=O)NCc1ccc2[nH]c(=O)oc2c1)c1ccc(Br)cn1,39_Library_D
,
CC(C)(C(=O)NCc1ccc2c(c1F)CCCC2)c1ccc(F)cn1,40_Library_D
,
CC(C)(C(=O)NS(=O)(=O)Cc1ccc(C#N)cc1F)c1ccc(F)cn1,41_Library_D
,
CC(C)(C(=O)Nc1cc(F)c(C#N)cc1F)c1ccc(F)cc1Cl,42_Library_D
,
CC(C)(C(=O)Nc1cc(O)cc(F)c1)c1ccc(Br)cc1,43_Library_D
,
CC(C)(C(=O)Nc1ccc2nncn2c1)c1ccc(Br)cn1,44_Library_D
,
CC(C)(C(=O)Nc1cccc(C(F)(F)CF)c1)c1ccc(F)cn1,45_Library_D
,
CC(C)(C(=O)Nc1cccc(CN2CCCCC2)c1)c1ccc(F)cn1,46_Library_D
,
CC(C)(C(=O)Nc1cccc(N2CC3CCC2C3)c1)c1ccc(F)cn1,47_Library_D
,
CC(C)(C(=O)Nc1cnc(Cl)cn1)c1ccc(O)cc1,48_Library_D
,
CC(C)(C(=O)Nc1ncc2c(n1)COCC2)c1ccc(F)cc1F,49_Library_D
,
CC(C)(C(=O)Nc1nccn2nccc12)c1ccc(Br)cn1,50_Library_D
,
CC(C)(C(=O)O)c1cccc(NC(=O)Cc2ccc(Br)cn2)c1,51_Library_D
,
CC(C)(C(=O)OCC(=O)Nc1cnc2c(c1)OCO2)c1ccc(F)cc1,52_Library_D
,
CC(C)(C(=O)OCc1cccc(C#N)n1)c1ccc(F)cc1F,53_Library_D
,
CC(C)(C)C(=O)Nc1cccc(CC(=O)Nc2ccc(F)cc2Cl)c1,54_Library_D
,
CC(C)(C)C1CN(C(=O)C2(c3ccc(F)cn3)CCC2)c2ccccc2N1,55_Library_D
,
CC(C)(C)C1Cc2cc(F)ccc2N(C(=O)Cn2cc(C(N)=O)c3ccccc32)C1,56_Library_D
,
CC(C)(C)CN(C(=O)c1[nH]nc2[nH]cnc(=O)c12)c1ccc(F)cn1,57_Library_D
,
CC(C)(C)c1cc(Br)ccc1NC(=O)COc1cnccn1,58_Library_D
,
CC(C)(C)c1ccc(NCC(=O)Nc2ccc(Br)cn2)cn1,59_Library_D
,
CC(C)(C)c1cncc(COC(=O)c2ncc3cc(Cl)ccn23)c1,60_Library_D
,
CC(C)(C)c1nc(Cl)ncc1NC(=O)Cc1cccc(N)n1,61_Library_D
,
CC(C)(C)c1ncc2c(n1)CCN(C(=O)C(O)c1ccc(Cl)cc1F)C2,62_Library_D
,
CC(C)(CNC(=O)C(F)c1ccc(F)cc1)Cc1ccccc1,63_Library_D
,
CC(C)(CNC(=O)C1(c2ccc(F)cn2)CC1)c1cnccn1,64_Library_D
,
CC(C)(CNC(=O)c1csc2cc(Cl)cnc12)c1ccncc1F,65_Library_D
,
CC(C)(NC(=O)Cc1ccc(F)cc1F)C1CCCN1c1cnccn1,66_Library_D
,
CC(C)(NC(=O)Nc1ccc(F)cn1)c1ncc(Br)cn1,67_Library_D
,
CC(C)(NC(=O)c1ncc2cc(Cl)ccn12)C1(c2ccccc2)CC1,68_Library_D
,
CC(C)(O)c1cc(Br)ccc1NC(=O)C1CC(=O)N(Cc2ccccc2)C1,69_Library_D
,
CC(C)(O)c1ccc(CNC(=O)C(N)c2ccc(F)cc2F)cc1,70_Library_D
,
CC(C)(O)c1cnc(NC2CCN(c3ccc(F)cc3F)C2=O)cn1,71_Library_D
,
CC(C)C(=O)c1ccc(C(C)C(=O)N2CC(=O)Nc3ccc(Cl)cc32)cc1,72_Library_D
,
CC(C)C(C(=O)N1CCC(C(=O)O)c2cc(F)ccc21)c1cccc(C#N)c1,73_Library_D
,
CC(C)C(C(=O)N1CCc2c(cccc2NS(C)(=O)=O)C1)c1ccc(F)cc1,74_Library_D
,
CC(C)C(C(=O)Nc1ccnc(C(=O)O)c1)c1ccc(Cl)cc1,75_Library_D
,
CC(C)C(NC(=O)c1c(O)cnc2cc(F)ccc12)C1CC1c1ccccc1,76_Library_D
,
CC(C)C(OC(=O)C(C)(C)c1ccncc1)C(=O)Nc1ccc(F)cc1,77_Library_D
,
CC(C)C1CCc2cc(F)ccc2N1C(=O)C(C)(Cc1ccccc1)N(C)C,78_Library_D
,
CC(C)C1Cc2cc(F)ccc2N(C(=O)Cc2ccc(O)c(Cl)c2)C1,79_Library_D
,
CC(C)C1Cc2cc(F)ccc2N(C(=O)c2c(O)cnc3ccccc23)C1,80_Library_D
,
CC(C)C1Cc2cc(F)ccc2N(C(=O)c2cn(C)nc2Cc2ccccc2F)C1,81_Library_D
,
CC(C)C1Cc2cc(F)ccc2N(C(=O)c2cnc3[nH]cnc(=O)c3c2)C1,82_Library_D
,
CC(C)C1c2ccc(O)cc2CCN1C(=O)C(F)c1ccc(F)cc1,83_Library_D
,
CC(C)C1c2ccccc2CCN1C(=O)c1c(O)cnc2cc(F)ccc12,84_Library_D
,
CC(C)CC(C(=O)Nc1cccc(C2(O)COC2)c1)c1ccc(Cl)cc1,85_Library_D
,
CC(C)CC(C(=O)Nc1cncc2c1CCNC2=O)c1ccc(Cl)cc1,86_Library_D
,
CC(C)CC(C(=O)Nc1nc(=O)c2cnn(C)c2[nH]1)c1ccc(Cl)cc1,87_Library_D
,
CC(C)CCOc1ccc(NC(=O)c2nnn3cc(Cl)ccc23)nn1,88_Library_D
,
CC(C)CCc1ncc2c(n1)CCN(C(=O)C(F)c1ccc(F)cc1)C2,89_Library_D
,
CC(C)CN(C(=O)C(c1ccc(F)cc1)C(C)C)c1ccncc1,90_Library_D
,
CC(C)CN(C(=O)C1CC1c1ccncc1F)c1ccc(Cl)cn1,91_Library_D
,
CC(C)CN(C(=O)CCc1cncc(F)c1)c1ccc(Cl)cn1,92_Library_D
,
CC(C)CN(C(=O)NCc1cccc(C(C)(F)F)n1)c1ccc(F)cc1,93_Library_D
,
CC(C)CNC(C(=O)N1CCN(c2ccncn2)CC1)c1ccc(Cl)cc1Cl,94_Library_D
,
CC(C)COc1ccc(NC(=O)Cc2ccc(Cl)cn2)nc1,95_Library_D
,
CC(C)Cc1ccc(S(=O)(=O)N2CCN(c3ccc(F)cc3F)C(=O)C2)cc1,96_Library_D
,
CC(C)Cn1cc(CNC(=O)c2nnc3cc(F)ccn23)c(=O)[nH]c1=O,97_Library_D
,
CC(C)N(C(=O)CN1CC(C(N)=O)C(c2ccccc2)C1)c1ccc(F)cc1,98_Library_D
,
CC(C)N(C(=O)N1CC(O)(c2cccnc2)C1)c1ccc(F)cn1,99_Library_D
,
CC(C)N(C(=O)NC1CCCC1Cc1ccccn1)c1ccc(F)cn1,100_Library_D
,
CC(C)N(C(=O)Nc1cccc2c1CN(C)C2=O)c1ccc(F)cc1,101_Library_D
,
CC(C)N(C(=O)Nc1nn(C)c2nccnc12)c1ccc(F)cc1,102_Library_D
,
CC(C)N(C)Cc1cc(F)ccc1NC(=O)C(C)(C)c1ccncc1,103_Library_D
,
CC(C)N(C)Cc1ccccc1CNC(=O)c1c(O)cnc2cc(F)ccc12,104_Library_D
,
CC(C)NC(=O)Cc1ccc(NC(=O)c2ncn3cc(Cl)ccc23)cc1,105_Library_D
,
CC(C)Nc1cc(Br)ccc1NC(=O)c1c(O)cnc2cc(F)ccc12,106_Library_D
,
CC(C)OCc1ccc(NC(=O)N(C)c2ccc(Cl)cn2)nc1,107_Library_D
,
CC(C)Oc1ccc(N(C)C(=O)c2ncn3cc(Cl)ccc23)cc1,108_Library_D
,
CC(C)Oc1ccc2c(c1)CCC2NC(=O)c1nnc2cc(Cl)ccn12,109_Library_D
,
CC(C)Oc1ccc2c(c1)CCN(C(=O)c1[nH]nc3nc(Cl)ccc13)C2,110_Library_D
,
CC(C)Oc1cccc2[nH]cc(CC(=O)Nc3cnc(F)nc3C3CC3)c12,111_Library_D
,
CC(C)Oc1ccccc1C(C)NC(=O)Cc1ccc(Cl)cn1,112_Library_D
,
CC(C)Oc1ccccc1CN(C)C(=O)c1cnc2cc(Br)ccn12,113_Library_D
,
CC(C)Oc1cncc(NC(=O)c2c(O)cnc3cc(F)ccc23)n1,114_Library_D
,
CC(C)Oc1nc(Cl)ccc1NC(=O)c1ccc(-c2ccccc2)[nH]c1=O,115_Library_D
,
CC(C)Oc1ncc(COC(=O)c2c(O)cnc3cc(F)ccc23)cn1,116_Library_D
,
CC(C)Oc1ncc(NC(=O)Cc2ccc(Br)cc2F)cn1,117_Library_D
,
CC(C)Oc1nccc(CNC(=O)Cc2ccc(F)cc2F)n1,118_Library_D
,
CC(C)c1cc(Br)ccc1NC(=O)Cc1ccc2c(n1)NCCC2,119_Library_D
,
CC(C)c1cc(Br)cnc1NC(=O)C(O)Cc1ccncc1,120_Library_D
,
CC(C)c1cc(Cl)ccc1NC(=O)C1CSC(c2ncccc2O)=N1,121_Library_D
,
CC(C)c1cc(F)ccc1NC(=O)c1nn(-c2ccccc2F)ccc1=O,122_Library_D
,
CC(C)c1ccc(CCNC(=O)C(C)(C)c2ccc(F)cn2)cc1,123_Library_D
,
CC(C)c1ccc(NC(=O)C(C)(C)c2ccc(F)cn2)cc1Cl,124_Library_D
,
CC(C)c1nc(Br)ncc1NC(=O)Cc1cncc2ccccc12,125_Library_D
,
CC(C)n1cccc(NC(=O)C2CCc3cc(F)ccc32)c1=O,126_Library_D
,
CC(C)n1nnc2c(N3CCCC3C(=O)Nc3ccc(Cl)cc3)ncnc21,127_Library_D
,
CC(C1Cc2ccccc21)N(C)C(=O)Cc1ccc(F)cn1,128_Library_D
,
CC(CC(=O)N(CCC#N)c1ccc(Cl)cc1)N1Cc2ccccc2C1=O,129_Library_D
,
CC(CC(=O)N1CCC(C(=O)O)c2cc(F)ccc21)c1ccc(F)cc1F,130_Library_D
,
CC(CC(=O)N1CCC(C(N)=O)c2cc(Br)ccc21)c1cccc(F)c1,131_Library_D
,
CC(CC(=O)Nc1ccc(Cl)cc1Cl)Nc1ccc(C(N)=O)cn1,132_Library_D
,
CC(CC(=O)c1ccc(F)cc1)C(=O)N(C)c1ncc(F)cn1,133_Library_D
,
CC(CC(F)(F)F)(C(=O)Nc1cccc(N2CCSCC2)n1)c1ccc(F)cc1,134_Library_D
,
CC(CC(N)=O)c1ccc(NC(=O)c2[nH]nc3cc(F)ccc23)cc1,135_Library_D
,
CC(CCOc1ccccc1)C(=O)Nc1nnc(Cl)cc1N,136_Library_D
,
CC(CCc1ccc(O)cc1)N(C)C(=O)N(c1ccc(F)cc1)C1CCC1,137_Library_D
,
CC(CCc1ccc(O)cc1)N(C)C(=O)c1c(O)cnc2cc(F)ccc12,138_Library_D
,
CC(CCc1cccnc1)NC(=O)c1cnc2cc(Cl)ccn12,139_Library_D
,
CC(CNC(=O)c1cncc2cc(Cl)ccc12)c1nc(=O)c(C(=O)O)c[nH]1,140_Library_D
,
CC(COC(=O)c1c(O)cnc2cc(F)ccc12)c1ccccn1,141_Library_D
,
CC(Cc1ccccc1)(NC(=O)C(O)c1ccc(Cl)cc1F)C1CC1,142_Library_D
,
CC(Cc1ccccn1)NC(=O)Cc1ccc(Cl)cc1O,143_Library_D
,
CC(Cc1ccncc1)C(=O)N(c1ccc(F)cc1)C(F)(F)F,144_Library_D
,
CC(Cn1nnc2ccccc21)C(=O)Nc1ccc(Cl)cc1N1CCOCC1,145_Library_D
,
CC(F)(C(=O)N(Cc1ccc(C#N)cc1)CC1CC1)c1ccc(F)cc1,146_Library_D
,
CC(F)(C(=O)N1CCCc2ccncc21)c1ccc(F)cc1,147_Library_D
,
CC(F)(C(=O)Nc1ccnc(NS(N)(=O)=O)c1)c1ccc(F)cc1,148_Library_D
,
CC(F)(C(=O)Nc1nn(-c2ccccc2Cl)cc1C#N)c1ccc(F)cc1,149_Library_D
,
CC(F)(F)c1ccc(CNC(=O)C(F)c2ccc(F)cc2)nc1,150_Library_D
,
CC(N)c1ccc(CNC(=O)C(C)(C)c2ccc(Br)cn2)cc1,151_Library_D
,
CC(N)c1cccc(NC(=O)C2(c3ccc(F)cc3F)CC(=O)C2)c1,152_Library_D
,
CC(NC(=O)C(CC(F)(F)F)c1cccc(F)c1)C(=O)Nc1ccc(F)cn1,153_Library_D
,
CC(NC(=O)C(CO)c1ccc(F)cc1)c1ccc(Cl)cc1Cl,154_Library_D
,
CC(NC(=O)C(c1ccc(Cl)cc1)C(C)C)c1cc(O)cc(F)c1,155_Library_D
,
CC(NC(=O)C(c1ccc(Cl)cc1)C(C)C)c1ccc(=O)[nH]c1,156_Library_D
,
CC(NC(=O)C(c1ccc(F)cc1)n1cnnn1)c1ccncc1F,157_Library_D
,
CC(NC(=O)C1(c2ccc(F)cn2)CC1)c1cccc(C(F)F)c1,158_Library_D
,
CC(NC(=O)C1(c2ccc(F)cn2)CC1)c1ncc(Br)cn1,159_Library_D
,
CC(NC(=O)C1CCC(N)c2ccccc21)C(=O)Nc1ccc(Cl)cc1,160_Library_D
,
CC(NC(=O)Cc1ccc(F)cc1F)c1nccc(C(F)F)n1,161_Library_D
,
CC(NC(=O)N(C)c1ccc(F)cc1)c1ccc[nH]c1=O,162_Library_D
,
CC(NC(=O)N(CC(F)F)c1ccc(Cl)cc1)c1cc[nH]c(=O)c1,163_Library_D
,
CC(NC(=O)N(CCC#N)c1ccc(Cl)cc1)c1ccc[nH]c1=O,164_Library_D
,
CC(NC(=O)N(CCC#N)c1ccc(F)cc1)c1nccc(C(F)F)n1,165_Library_D
,
CC(NC(=O)N1CC(=O)N(C)c2cc(F)ccc21)c1ccc[nH]c1=O,166_Library_D
,
CC(NC(=O)c1cc(F)cc2cc(F)ccc12)c1ccc[nH]c1=O,167_Library_D
,
CC(NC(=O)c1cccnc1NC(=O)C(C)(C)c1ccc(F)cc1)C1COCCO1,168_Library_D
,
CC(NCC(C)c1ccc(F)cc1F)C(=O)Nc1ccc(F)cc1,169_Library_D
,
CC(NCCc1ccc2ncsc2c1)C(=O)N(C)c1ccc(Cl)cc1,170_Library_D
,
CC(NCc1c[nH]c2ccc(F)cc12)C(=O)Nc1ccc(F)cn1,171_Library_D
,
CC(NCc1ccc(C(F)F)nc1)C(=O)Nc1ccc(Cl)cc1,172_Library_D
,
CC(NCc1cccc(C#N)c1F)C(=O)Nc1ccc(Cl)cc1Cl,173_Library_D
,
CC(NCc1cccc2nonc12)C(=O)Nc1ccc(F)cn1,174_Library_D
,
CC(NS(=O)(=O)C(C)c1ccc(F)cc1)C(=O)Nc1ccc(F)cn1,175_Library_D
,
CC(Nc1ncnc2c1CCO2)C(=O)Nc1ccc(Cl)cn1,176_Library_D
,
CC(O)(C(=O)N1CC(O)(c2cc(F)cc(F)c2)C1)c1ccc(F)cc1,177_Library_D
,
CC(O)(C(=O)N1CC(n2c(=O)oc3ccccc32)C1)c1ccc(Cl)cc1,178_Library_D
,
CC(O)(C(=O)N1CCc2cnccc2C1)c1ccc(Cl)cc1,179_Library_D
,
CC(O)(C(=O)NC1CC1(C)c1ccc(F)cc1F)c1ccc(F)cc1,180_Library_D
,
CC(O)(C(=O)NCC(c1ccccc1)C1CC1)c1ccc(F)cc1,181_Library_D
,
CC(O)(C(=O)NCc1nccc(Cl)n1)c1ccc(F)cc1,182_Library_D
,
CC(O)(C(=O)Nc1cc(Cl)c2c(c1)OCCCO2)c1ccc(Cl)cc1F,183_Library_D
,
CC(O)(C(=O)Nc1nccc2[nH]c(=O)[nH]c12)c1ccc(F)cc1,184_Library_D
,
CC(O)C(C(=O)N1CCN(c2nccc(C(F)(F)F)n2)CC1)c1ccc(Cl)cc1,185_Library_D
,
CC(O)C(C(=O)Nc1ccc2c(c1)COC(=O)N2)c1ccc(Cl)cc1,186_Library_D
,
CC(O)C(C)(CNC(=O)c1cn(C)c2cc(Cl)ccc12)Cc1ccccc1,187_Library_D
,
CC(O)CC(CNC(=O)N(C)c1ccc(Br)cc1)c1ccccc1,188_Library_D
,
CC(O)CN(C(=O)NC(C)c1cnccn1)c1ccc(F)cc1,189_Library_D
,
CC(OC(=O)C(F)(F)c1ccccn1)C(=O)Nc1ccc(F)cn1,190_Library_D
,
CC(OC(=O)C1(O)CCc2cc(Cl)ccc21)C(=O)N(C)c1cccc(F)c1,191_Library_D
,
CC(OC(=O)C1CCc2cc(F)ccc21)c1ccc(N2CCCS2(=O)=O)c(F)c1,192_Library_D
,
CC(OC(=O)Cc1cc2c(cc1Br)OCO2)C(=O)Nc1ccc(F)cn1,193_Library_D
,
CC(OC(=O)c1ccc(F)cc1F)C(=O)Nc1ncc(Br)cn1,194_Library_D
,
CC(OC(=O)c1ccc2c(c1)C(C)(C)CN2)C(=O)C1(c2ccc(Cl)cc2)CC1,195_Library_D
,
CC(OC(=O)c1ccn2ccnc2n1)C(=O)Nc1ccc(Cl)cc1,196_Library_D
,
CC(OC(=O)c1cnc2cc(Cl)ccn12)c1ccc2c(c1)CC(=O)N2C,197_Library_D
,
CC(OCCc1ccccc1)C(=O)N1CC(C)(C)Oc2cc(F)ccc21,198_Library_D
,
CC(OCc1ccncc1)C(=O)N1c2ccc(F)cc2CCS1(=O)=O,199_Library_D
,
CC(Oc1ccccc1C#N)C(=O)N1CCc2cc(F)cnc21,200_Library_D
,
CC(SCc1cnc(N)cn1)C(=O)Nc1ccc(F)cc1F,201_Library_D
,
CC(Sc1ccccn1)C(=O)N(C)c1ccc(F)cc1Cl,202_Library_D
,
CC(c1ccc(F)cc1)N(C)C(=O)Nc1ccc(F)cn1,203_Library_D
,
CC(c1ccc(S(C)=O)cc1)N(C)C(=O)C(C)(C)c1ccc(F)cn1,204_Library_D
,
CC(c1cccc(Cl)c1F)N(C)C(=O)Cc1ccc(Cl)cn1,205_Library_D
,
CC(c1ccccc1)C(C)(C)NC(=O)C(O)c1ccc(Cl)cc1F,206_Library_D
,
CC1(C(=O)NC2CCN(c3ccc(F)cc3)C2=O)CCCc2ccccc21,207_Library_D
,
CC1(C(=O)Nc2ccc(NC(=O)Cc3ccc(F)cc3F)cn2)CC(F)C1,208_Library_D
,
CC1(C)C(C(=O)Nc2ccc(F)cc2C2CC2)C1c1ccncc1Cl,209_Library_D
,
CC1(C)C(c2ccc(F)cc2)CCN1C(=O)Cc1ccc(F)cn1,210_Library_D
,
CC1(C)CC(NC(=O)C2NCCOc3cc(F)ccc32)c2ccccc2O1,211_Library_D
,
CC1(C)CCN(C(=O)NCc2ccc3c(c2)CCC3=O)c2ccc(F)cc21,212_Library_D
,
CC1(C)CN(C(=O)Cc2ccc(F)cn2)Cc2ccc(F)cc21,213_Library_D
,
CC1(C)CN(C(=O)Nc2cnc(S(N)(=O)=O)cn2)c2ccc(Cl)cc21,214_Library_D
,
CC1(C)CN(CCNC(=O)C(C)(N)c2ccc(F)cc2)c2ccccc2O1,215_Library_D
,
CC1(CO)Cc2ccccc2N(C(=O)Cc2ccc(F)cn2)C1,216_Library_D
,
CC1(NC(=O)C(N)c2ccc(F)cc2F)CCOc2ccccc21,217_Library_D
,
CC1(c2ccc(NC(=O)Nc3cnc(Cl)cn3)cc2)CC1,218_Library_D
,
CC1(c2ccccc2)CC(C(=O)Nc2ccc(F)cn2)C1,219_Library_D
,
CC1C(=O)Nc2ccc(Cl)cc2N1C(=O)c1cn2cnnc2cn1,220_Library_D
,
CC1C(=O)Nc2ccccc2CN1C(=O)Cc1ccc(Cl)cn1,221_Library_D
,
CC1C(c2ccc(F)c(F)c2)CCN1C(=O)C(O)c1ccc(Cl)cc1,222_Library_D
,
CC1CC(=O)N(C)c2ccc(NC(=O)C(C)c3ccc(F)cc3F)cc21,223_Library_D
,
CC1CCC(N(C(=O)C(O)c2ccc(F)cc2)c2ccccc2)CC1,224_Library_D
,
CC1CCN(C(=O)C(c2ccc(F)cc2)N(C)C)CCN1c1ncccn1,225_Library_D
,
CC1CCN(c2cc(F)ccc2NC(=O)c2c(C(C)(F)F)oc3ccccc23)C1,226_Library_D
,
CC1CN(C(=O)C(C)(C)c2ccc(Cl)cc2)c2cccnc21,227_Library_D
,
CC1CN(C(=O)C(CC(F)(F)F)c2ccc(F)cc2)c2cnccc21,228_Library_D
,
CC1CN(C(=O)Cc2ccc(F)cc2F)c2ccccc2CO1,229_Library_D
,
CC1CN(C(=O)N2CCC=C(c3ccccc3O)C2)c2ccc(F)cc2O1,230_Library_D
,
CC1CN(C(=O)N2CCc3c(C(=O)O)ccc(F)c3C2)c2ccc(F)cc2O1,231_Library_D
,
CC1CN(C(=O)NC2CC2c2cccc(F)c2F)c2ccc(F)cc21,232_Library_D
,
CC1CN(C(=O)c2c(O)cnc3cc(F)ccc23)CCN1c1ccccc1,233_Library_D
,
CC1CN(CC(=O)Nc2ccc(F)cn2)C(c2ccccc2)CO1,234_Library_D
,
CC1CNc2cc(Br)ccc2N1C(=O)NCCc1nccc(C2CC2)n1,235_Library_D
,
CC1COc2cc(Cl)ccc2N1C(=O)NCC1(c2ccncc2)CCC1,236_Library_D
,
CC1Cc2cc(Br)ccc2N1C(=O)NCCn1ncc2ccccc21,237_Library_D
,
CC1Cc2cc(Br)ccc2N1C(=O)NCc1cccc(C(C)(C)O)c1,238_Library_D
,
CC1Cc2cc(Br)ccc2N1C(=O)NCc1ccn2cnnc2c1,239_Library_D
,
CC1Cc2cc(Br)ccc2N1C(=O)c1cn2cccnc2n1,240_Library_D
,
CC1Cc2cc(Cl)ccc2N1C(=O)Cn1cc(O)c(=O)[nH]c1=O,241_Library_D
,
CC1Cc2cc(Cl)ccc2N1C(=O)NCc1cnn2ccn(C)c(=O)c12,242_Library_D
,
CC1Cc2cc(F)c(F)cc2C(C)N1C(=O)Cc1ccc(F)cc1F,243_Library_D
,
CC1Cc2cc(NC(=O)C(CC(F)(F)F)c3ccc(F)cc3)ccc2O1,244_Library_D
,
CC1Oc2ccccc2C1NC(=O)C(CC(F)F)c1ccc(F)cc1,245_Library_D
,
CC1c2ccccc2CC1C(=O)N(C)c1ncc(Cl)cc1Cl,246_Library_D
,
CC1c2ccccc2OC1CC(=O)N(C)c1ncc(Cl)cc1Cl,247_Library_D
,
CC1c2ccccc2OC1CC(=O)N1CCc2cc(F)cnc21,248_Library_D
,
CC1c2cccnc2CCN1C(=O)Nc1cnc(Cl)cn1,249_Library_D
,
CCC(=O)c1cc(F)ccc1NC(=O)N1CC(c2nc(=O)cc[nH]2)C1,250_Library_D
,
CCC(=O)c1cc(F)ccc1NC(=O)Nc1cnc2ccnn2c1,251_Library_D
,
CCC(=O)c1cc(F)ccc1NC(=O)c1cc(OC)cc2ncccc12,252_Library_D
,
CCC(=O)c1ccc(F)c(NCC(=O)Nc2ccc(F)cn2)c1,253_Library_D
,
CCC(C(=O)N1CC(C)(CO)Cc2ccccc21)c1ccc(Cl)cc1,254_Library_D
,
CCC(C(=O)N1CC(c2ncc(C(=O)OC)cn2)C1)c1ccc(Cl)cc1,255_Library_D
,
CCC(C(=O)N1CCCC(c2ccnc(SC)n2)C1)c1ccc(Cl)cc1,256_Library_D
,
CCC(C(=O)N1CCN(c2cc(F)ncn2)CC1)c1ccc(F)cc1,257_Library_D
,
CCC(C(=O)N1CCc2cc(O)c(C)cc2C1)c1ccc(Br)cc1,258_Library_D
,
CCC(C(=O)NCC1(c2ccccn2)CCOCC1)c1ccc(F)cc1,259_Library_D
,
CCC(C(=O)NCc1c(CO)cnc(C)c1O)c1ccc(Cl)cc1,260_Library_D
,
CCC(C(=O)Nc1cc2c(=O)nc[nH]c2cn1)c1ccc(Cl)cc1,261_Library_D
,
CCC(C(=O)Nc1ccc(NC(=O)OC)nc1)c1ccc(Cl)cc1,262_Library_D
,
CCC(C(=O)Nc1ccc2c(c1)CCC2N(C)C)c1ccc(Cl)cc1,263_Library_D
,
CCC(C(=O)Nc1cccc(-c2n[nH]c(=O)n2C)c1)c1ccc(Cl)cc1,264_Library_D
,
CCC(C(=O)Nc1ccccc1N1CCOCC1)c1ccc(Br)cc1,265_Library_D
,
CCC(C(=O)Nc1nc(-c2cccnc2)ns1)c1ccc(F)cc1,266_Library_D
,
CCC(C(=O)Nc1nccc2occc12)c1ccc(Cl)cc1,267_Library_D
,
CCC(C(=O)OCc1cc(=O)nc(SC(C)(C)C)[nH]1)c1ccc(Cl)cc1,268_Library_D
,
CCC(C(=O)OCc1ccc2c(c1)COCC2)c1ccc(F)cc1,269_Library_D
,
CCC(C)NC(C(=O)N1CCN(c2ncccn2)C(=O)C1)c1ccc(F)cc1,270_Library_D
,
CCC(C)Oc1cc(F)ccc1NC(=O)c1coc2c(F)c(Cl)ccc12,271_Library_D
,
CCC(C)c1ccc(CNC(=O)C(C)(C)c2ccc(Cl)cn2)cc1,272_Library_D
,
CCC(C)c1ncc(NC(=O)C(c2ccc(F)cc2)C(C)C)cn1,273_Library_D
,
CCC(Cc1cccnc1)OC(=O)Cc1ccc(Cl)cn1,274_Library_D
,
CCC(NC(=O)c1cccc(NC(=O)Nc2ccc(F)cc2)c1)C1COCCO1,275_Library_D
,
CCC(Nc1nc(C)cc(S(C)(=O)=O)n1)C(=O)Nc1ccc(F)cc1,276_Library_D
,
CCC(O)(C(=O)NCC1(c2ccccc2)CCCO1)c1ccc(Cl)cc1,277_Library_D
,
CCC(OC(=O)c1cccc2c1CCOC2)C(=O)Nc1ccc(F)cc1F,278_Library_D
,
CCC(OC(=O)c1ccnc2cc(F)cnc12)c1cc(C)cc(F)c1,279_Library_D
,
CCC1CN(C)c2ccccc2CN1C(=O)c1cnn2cc(Cl)cnc12,280_Library_D
,
CCC1CN(c2nccnc2F)CC1NC(=O)C(O)c1ccc(Cl)cc1,281_Library_D
,
CCC1c2ccccc2CN1C(=O)Nc1ccc(F)cc1OC(C)(C)C,282_Library_D
,
CCCC(C(=O)Nc1cc(N2CCCC2)cnn1)c1ccc(Cl)cc1,283_Library_D
,
CCCN(C(=O)C1CC(=O)N(C)c2cc(F)ccc21)c1ccc(C)c(C)c1,284_Library_D
,
CCCN(C(=O)C1CCC(N)c2ccccc21)c1ccc(Cl)cn1,285_Library_D
,
CCCN(CC(=O)Nc1ccc(F)cc1)C(=O)c1cc(C)nc2c1CCCC2,286_Library_D
,
CCCN(CC(=O)Nc1ccc(F)cc1)c1ncnc2n[nH]cc12,287_Library_D
,
CCCN(CCc1ccccc1F)C(=O)Nc1ccc(F)cc1C#N,288_Library_D
,
CCCOc1cc(F)ccc1NC(=O)C(O)c1cccc(F)c1,289_Library_D
,
CCCOc1cc(F)ccc1NC(=O)N1CC(C)Cc2cc(OC)ccc21,290_Library_D
,
CCCOc1cc(F)ccc1NC(=O)NCc1ccc(F)c(C(F)(F)F)c1,291_Library_D
,
CCCOc1cc(NC2CCCN(c3ccc(F)cc3)C2=O)ncn1,292_Library_D
,
CCCOc1nccnc1NC(=O)C1(c2ccc(F)cc2)CC1,293_Library_D
,
CCCn1cc(NC(=O)C(C)(C)c2ccc(F)cn2)ccc1=O,294_Library_D
,
CCCn1cc(NC(=O)C(N)c2ccc(F)cc2F)ccc1=O,295_Library_D
,
CCN(C(=O)C(C)(C)Nc1ccc(S(C)(=O)=O)cc1)c1ccc(F)cc1,296_Library_D
,
CCN(C(=O)C(C)(C)n1ccccc1=O)c1ncc(F)cn1,297_Library_D
,
CCN(C(=O)C(C)Cc1ccncc1)c1ccc(F)cc1,298_Library_D
,
CCN(C(=O)C(C)OC(=O)Cc1cccnn1)c1ccc(F)cc1,299_Library_D
,
CCN(C(=O)C(O)c1cccc2c1OCC2)c1ccc(Cl)cc1C,300_Library_D
,
CCN(C(=O)C(OC)c1ccc(Cl)cc1)c1nc2ccccc2[nH]1,301_Library_D
,
CCN(C(=O)C(SC)c1ccccc1)c1ccc(Cl)cc1,302_Library_D
,
CCN(C(=O)C1(c2ccc(=O)[nH]c2)CCC1)c1ncc(Cl)cc1Cl,303_Library_D
,
CCN(C(=O)C1CC(=O)N(C)Oc2ccc(Cl)cc21)c1ccc(F)cc1,304_Library_D
,
CCN(C(=O)C1CC(=O)Nc2ccc(F)cc21)c1cccnn1,305_Library_D
,
CCN(C(=O)C1CC(=O)c2cc(F)ccc2O1)c1ccc(Cl)cc1,306_Library_D
,
CCN(C(=O)C1CSCC1c1ccccc1)c1ccc(Cl)cn1,307_Library_D
,
CCN(C(=O)CC(O)c1cccc(O)c1)c1ccc(F)cc1,308_Library_D
,
CCN(C(=O)CN1CC2Cc3ccccc3C21)c1ccc(F)cc1,309_Library_D
,
CCN(C(=O)CNC(=O)c1cccc2ccoc12)c1ccc(Cl)cc1,310_Library_D
,
CCN(C(=O)Cc1cc(F)cc2c1OCOC2)c1ncc(F)cc1F,311_Library_D
,
CCN(C(=O)Cc1ccc2c(n1)NCCC2)c1ccc(F)cc1,312_Library_D
,
CCN(C(=O)Cn1cnc2cc(OC)c(OC)cc2c1=O)c1ccc(Cl)cc1,313_Library_D
,
CCN(C(=O)Cn1ncc2cccnc2c1=O)c1ccc(Cl)cc1Cl,314_Library_D
,
CCN(C(=O)N(C)C(C)c1cccc(F)c1)c1ccc(Cl)cn1,315_Library_D
,
CCN(C(=O)N1CCC(C(=O)O)c2cc(Cl)ccc21)c1ccccc1,316_Library_D
,
CCN(C(=O)N1CCCC1C(=O)Nc1ccc(F)cc1)c1ccc(C)cc1,317_Library_D
,
CCN(C(=O)NCC(O)Cc1ccccc1)c1ccc(Cl)cc1,318_Library_D
,
CCN(C(=O)NCC1CCc2cc(F)ccc21)c1ccc(F)cn1,319_Library_D
,
CCN(C(=O)NCC1Cc2ccccc2CO1)c1ccc(F)cc1,320_Library_D
,
CCN(C(=O)NCCc1noc2cc(F)ccc12)c1ncc(F)cn1,321_Library_D
,
CCN(C(=O)NCc1ccc(NC(=O)C(C)C)c(F)c1)c1ncc(F)cn1,322_Library_D
,
CCN(C(=O)NCc1cccnn1)c1ccc(Cl)cc1C,323_Library_D
,
CCN(C(=O)Nc1cc(Cl)c(C(=O)OC)cc1C)c1ccc(Cl)cn1,324_Library_D
,
CCN(C(=O)Nc1ccc(COC)c2c1CCC2)c1ccc(F)cc1,325_Library_D
,
CCN(C(=O)Nc1ccc(F)cc1NCC1CC1)c1cccnn1,326_Library_D
,
CCN(C(=O)Nc1cccc(C(C)N)c1)c1ccc(Cl)cc1,327_Library_D
,
CCN(C(=O)Nc1ccccc1N1CCCC1=O)c1ncc(F)cn1,328_Library_D
,
CCN(C(=O)c1c(OC)ccc2ncccc12)c1ccc(Cl)cn1,329_Library_D
,
CCN(C(=O)c1cnc2ccccc2c1N(C)C)c1ccc(Cl)cc1Cl,330_Library_D
,
CCN(C(=O)c1cnn2cccc(Cl)c12)c1ccc(F)cc1,331_Library_D
,
CCN(C(=O)c1nccnc1-c1ccncc1)c1ccc(Br)cn1,332_Library_D
,
CCN(CC(=O)Nc1cc(O)cc(F)c1)C(=O)Cc1ccc(Cl)cn1,333_Library_D
,
CCN(CC(=O)Nc1ccc(Br)cc1)Cc1cnn2ncccc12,334_Library_D
,
CCN(CC(=O)Nc1ccc(Cl)cc1)C(=O)c1cccn2nncc12,335_Library_D
,
CCN(CC(=O)Nc1ccc(F)cc1F)C(=O)c1ccn2cnnc2c1,336_Library_D
,
CCN(CC)C(C(=O)N1CCN(c2ccc(=O)[nH]c2)CC1)c1ccc(F)cc1,337_Library_D
,
CCN(CCc1ccccn1)C(=O)C1(c2ccc(Br)cn2)CCOCC1,338_Library_D
,
CCN1CC(C(=O)Nc2ncc(Cl)cc2O)c2ccccc21,339_Library_D
,
CCOC(=O)C(C)(NC(=O)c1coc2cc(F)ccc12)c1cccnc1,340_Library_D
,
CCOC(=O)C1(F)CN(C(=O)C(c2ccc(Cl)cc2)C(C)(F)F)CC1c1cncnc1,341_Library_D
,
CCOC(=O)c1cc(F)ccc1NC(=O)c1cnn2cc[nH]c(=O)c12,342_Library_D
,
CCOC(=O)c1ccc2c(c1)CC(NC(=O)C1(c3ccc(Cl)cc3)CC(O)C1)C2,343_Library_D
,
CCOC(C(=O)Nc1cnc(C)nc1C)c1ccc(F)cc1,344_Library_D
,
CCOC(C(=O)Nc1nc2c(=O)cc(C)n(C)c2[nH]1)c1ccc(F)cc1,345_Library_D
,
CCOc1cc(Cl)ccc1CC(=O)Nc1ncc2c(n1)COCC2,346_Library_D
,
CCOc1cc(Cl)ccc1NC(=O)C(N)C1Cc2ccccc2O1,347_Library_D
,
CCOc1cc(F)ccc1NC(=O)Cn1cccnc1=O,348_Library_D
,
CCOc1cc(F)ccc1NC(=O)N(C)C1CNCCc2ccccc21,349_Library_D
,
CCOc1cc(F)ccc1NC(=O)N1CC(Cc2ccc(O)cc2)C1,350_Library_D
,
CCOc1cc(F)ccc1NC(=O)N1CCC(c2ccccc2)S1(=O)=O,351_Library_D
,
CCOc1cc(F)ccc1NC(=O)c1cn(-c2ccccc2)cn1,352_Library_D
,
CCOc1ccc(C(CO)NC(=O)c2cncc3cc(Cl)ccc23)cc1,353_Library_D
,
CCOc1ccc(C2(NC(=O)C(C)c3ccc(F)cc3F)CC2)cc1,354_Library_D
,
CCOc1cccc(CCNC(=O)N(C)c2ccc(F)cc2C#N)c1,355_Library_D
,
CCOc1ccccc1N1CCN(C(=O)C2(c3ccc(F)cn3)CCOCC2)CC1,356_Library_D
,
CCS(=O)(=O)Nc1ccc(NC(=O)c2cn(C)c3cc(F)ccc23)cc1C,357_Library_D
,
CCSc1cc(F)ccc1NC(=O)NC(C)c1cccnn1,358_Library_D
,
CCSc1ccc(NC(=O)c2ncc3cc(Cl)ccn23)cc1C,359_Library_D
,
CCSc1cccc(F)c1NC(=O)c1cnc2cc(Br)ccn12,360_Library_D
,
CCSc1nccnc1C(=O)N1CCCC1C(=O)Nc1ccc(F)cc1,361_Library_D
,
CCc1c(C(C)NC(=O)N2CC(=O)Nc3cc(F)ccc32)oc2ccccc12,362_Library_D
,
CCc1c(Cl)ncnc1NCC(=O)Nc1ccc(F)cn1,363_Library_D
,
CCc1c(NC(=O)Cc2ccc(Br)cc2O)c(=O)n(-c2ccccc2)n1C,364_Library_D
,
CCc1cc(=O)n2c(n1)nc(OC)n2CC(=O)Nc1ccc(Cl)cn1,365_Library_D
,
CCc1cc(Br)ccc1NC(=O)N1CCN(C)c2nccnc21,366_Library_D
,
CCc1cc(C)nc(N2CC(C)(NC(=O)Cc3ccc(F)cc3)C2)n1,367_Library_D
,
CCc1cc(CC)c(CC(=O)N2CCN(C)c3cc(F)ccc32)cn1,368_Library_D
,
CCc1cc(Cl)ccc1NC(=O)Cc1ccccc1S(C)=O,369_Library_D
,
CCc1cc(Cl)cnc1NC(=O)C1CC1c1ccncc1F,370_Library_D
,
CCc1cc(Cl)cnc1NC(=O)CNC(=O)c1c(C)cccc1C,371_Library_D
,
CCc1cc(Cl)cnc1NC(=O)COc1cccc(C(F)(F)F)c1,372_Library_D
,
CCc1cc(Cl)cnc1NC(=O)Cn1cc(S(C)(=O)=O)ccc1=O,373_Library_D
,
CCc1cc(Cl)cnc1NC(=O)N(C)C(C)c1ccccc1,374_Library_D
,
CCc1cc(Cl)cnc1NC(=O)N(C)CC(=O)Nc1ccc(F)cc1,375_Library_D
,
CCc1cc(Cl)cnc1NC(=O)N1C(C)CC1c1ccccc1,376_Library_D
,
CCc1cc(Cl)cnc1NC(=O)N1CC(F)(c2cccnc2)C1,377_Library_D
,
CCc1cc(Cl)cnc1NC(=O)N1CCN(c2ccncn2)CC1,378_Library_D
,
CCc1cc(Cl)cnc1NC(=O)NC(C)(CO)Cc1ccccc1,379_Library_D
,
CCc1cc(Cl)cnc1NC(=O)NCC(F)(F)Oc1ccccc1,380_Library_D
,
CCc1cc(Cl)cnc1NC(=O)NCC1=CS(=O)(=O)c2ccccc21,381_Library_D
,
CCc1cc(Cl)cnc1NC(=O)NCCc1ccc(C(F)F)nc1,382_Library_D
,
CCc1cc(Cl)cnc1NC(=O)NCc1cc(C)c[nH]c1=O,383_Library_D
,
CCc1cc(Cl)cnc1NC(=O)NCc1cc(C)nc(OC)n1,384_Library_D
,
CCc1cc(Cl)cnc1NC(=O)NCc1ccc2c(c1)C(C)(C)C(=O)N2,385_Library_D
,
CCc1cc(Cl)cnc1NC(=O)Nc1cc(C)n(-c2ncccn2)n1,386_Library_D
,
CCc1cc(Cl)cnc1NC(=O)Nc1cc2c(cc1F)CCNC2=O,387_Library_D
,
CCc1cc(Cl)cnc1NC(=O)Nc1ccc(CC2CC2)cc1,388_Library_D
,
CCc1cc(Cl)cnc1NC(=O)Nc1nonc1-c1ccccc1,389_Library_D
,
CCc1cc(N2CCC(C(=O)Nc3ccc(F)cn3)CC2)c(C)cn1,390_Library_D
,
CCc1cc(NC(=O)c2noc3cc(F)ccc23)n(-c2cc(C)ccn2)n1,391_Library_D
,
CCc1cc(OC)ccc1CNC(=O)C(C)(C)c1ccc(F)cn1,392_Library_D
,
CCc1cc(OC)ccc1CNC(=O)Cc1ccc(F)cn1,393_Library_D
,
CCc1ccc(C(=O)NC(C)C(=O)Nc2ccc(F)cc2)cc1S(C)(=O)=O,394_Library_D
,
CCc1ccc(C(=O)OCC(=O)Cc2ccc(F)cc2F)c(F)c1,395_Library_D
,
CCc1ccc(C(C)CC(=O)N2CCc3cc(F)cnc32)cc1,396_Library_D
,
CCc1ccc(CNC(=O)C(C)(C)c2ccc(F)cc2F)c(F)c1,397_Library_D
,
CCc1ccc(NC(=O)C(OC)c2ccc(Cl)cc2)cc1O,398_Library_D
,
CCc1ccc(OCC(=O)N2CC(CN)Cc3cc(F)ccc32)c(OC)c1,399_Library_D
,
CCc1ccc2ncccc2c1NC(=O)N1CCCC1C(=O)Nc1ccc(F)cc1,400_Library_D
,
CCc1cccc(C(=O)NCC(=O)Cc2ccc(F)cc2)n1,401_Library_D
,
CCc1cccc2c1CN(C(=O)N(C)c1ncc(F)cn1)CC2,402_Library_D
,
CCc1cccnc1COC(=O)C1CCc2cc(Cl)ccc21,403_Library_D
,
CCc1cnc(C)cc1NC(=O)C1CC(=O)N(C)c2cc(F)ccc21,404_Library_D
,
CCc1cnccc1C(C)NC(=O)Cc1ccc(Cl)cc1Br,405_Library_D
,
CCc1nc(C)cc(NC(=O)CN2C(=O)Cc3ccc(Cl)cc32)n1,406_Library_D
,
CCc1nc(F)ccc1NC(=O)C1COc2c(F)cc(F)cc2C1,407_Library_D
,
CCc1ncnc(CC)c1CC(=O)N(C)c1ncc(F)cc1Cl,408_Library_D
,
CCn1c(NC(=O)Cc2ccc(F)cc2OC(C)C)nc2ccccc21,409_Library_D
,
CCn1cccc(CNC(=O)C(C)(C)c2ccc(Br)cn2)c1=O,410_Library_D
,
CN(C(=O)C(C)(C)Cc1ccc(O)cc1)c1ccc(Br)cn1,411_Library_D
,
CN(C(=O)C(C)(F)c1ccccc1F)c1ncc(F)cn1,412_Library_D
,
CN(C(=O)C(Cc1ccc(O)cc1)NC(=O)C1CCCC1)c1ccc(F)cc1,413_Library_D
,
CN(C(=O)C(Cc1ccccc1)C1CC1)c1ccc(F)cc1C#N,414_Library_D
,
CN(C(=O)C(c1ccc(Cl)cc1)N(C)C)c1ccc2c(c1)OCO2,415_Library_D
,
CN(C(=O)C(c1ccc(F)cc1)C(C)(C)C)C1(c2cccnc2)CC1,416_Library_D
,
CN(C(=O)C(c1cccnc1)N(C)C)c1ncc(Cl)cc1Cl,417_Library_D
,
CN(C(=O)C1(c2ccc(Cl)cc2Cl)CCC1)c1ncc(F)cn1,418_Library_D
,
CN(C(=O)C1(c2ccncc2)CC2(CCC2)C1)c1ccc(F)cn1,419_Library_D
,
CN(C(=O)C1C2Cc3c(F)cccc3C21)c1ccc(F)cc1,420_Library_D
,
CN(C(=O)C1CCCc2cc(F)ccc21)C1(c2cccnc2)CC1,421_Library_D
,
CN(C(=O)C1CNCC1c1cc(F)cc(F)c1)c1ccc(Cl)cn1,422_Library_D
,
CN(C(=O)C1Cc2ccccc2CO1)c1ncc(F)cn1,423_Library_D
,
CN(C(=O)CC(O)(c1ccccc1)C1CC1)c1ccc(Cl)cc1Br,424_Library_D
,
CN(C(=O)CCc1ccc(N2CCCS2(=O)=O)cc1)c1ccc(F)cc1Cl,425_Library_D
,
CN(C(=O)CCc1cccnc1C(=O)O)c1ccc(Cl)cc1Br,426_Library_D
,
CN(C(=O)CCc1ccncc1Br)c1ccc(F)cn1,427_Library_D
,
CN(C(=O)Cc1cc(N)ccn1)c1ccc(F)cn1,428_Library_D
,
CN(C(=O)Cc1ccc(Cl)cn1)c1ccc(CN)cc1,429_Library_D
,
CN(C(=O)Cc1cccc(-n2cnnn2)c1)c1ncc(Cl)cc1Cl,430_Library_D
,
CN(C(=O)Cc1ccn2cncc2c1)c1ccc(F)cc1Cl,431_Library_D
,
CN(C(=O)N1CCN(c2cc[nH]c(=O)c2)CC1)c1ccc(Cl)cc1,432_Library_D
,
CN(C(=O)NC(C)(Cc1ccccc1)C(=O)O)c1ccc(Cl)cn1,433_Library_D
,
CN(C(=O)NC1CCc2n[nH]c(=O)cc2C1)c1ncc(F)cn1,434_Library_D
,
CN(C(=O)NCCS(=O)c1ccccc1F)c1ncc(Cl)cc1Cl,435_Library_D
,
CN(C(=O)Nc1ccc(Cl)cc1CS(C)=O)C(CN)c1ccccc1,436_Library_D
,
CN(C(=O)Nc1ccc2nonc2c1)C1CCN(c2ccc(F)cc2)C1=O,437_Library_D
,
CN(C(=O)Nc1cccc(C(=O)NCCc2cn[nH]n2)c1)c1ccc(Cl)cn1,438_Library_D
,
CN(C(=O)Nc1cnc2c(c1)CNC2=O)c1ncc(F)cn1,439_Library_D
,
CN(C(=O)c1cc(-c2c(F)cccc2F)no1)c1ncc(F)cc1F,440_Library_D
,
CN(C(=O)c1cc2cccnc2cc1F)c1ccc(Cl)cc1C#N,441_Library_D
,
CN(C(=O)c1ccc2cccnn12)c1ccc(F)cc1,442_Library_D
,
CN(C(=O)c1cccc2cc(=O)[nH]cc12)c1ccc(F)cc1Cl,443_Library_D
,
CN(C(=O)c1cccnc1-c1ccncc1)c1ncc(F)cc1F,444_Library_D
,
CN(C(=O)c1nnsc1-c1ccccc1)c1ncc(Cl)cc1Cl,445_Library_D
,
CN(C)C(=O)CC1CN(C(=O)Nc2cccc(N3CCCC3=O)c2)c2ccc(F)cc21,446_Library_D
,
CN(C)C(=O)c1cc(Cl)cc(NC(=O)c2ncn3cc(Cl)ccc23)c1,447_Library_D
,
CN(C)C(=O)c1cc(F)ccc1NC(=O)NCCn1ncc2ccccc2c1=O,448_Library_D
,
CN(C)C(=O)c1cc(F)ccc1NC(=O)c1nc(C(F)(F)F)n2ccncc12,449_Library_D
,
CN(C)C(=O)c1ccc2c(c1)N(C(=O)c1nnn3cc(Cl)ccc13)CC2,450_Library_D
,
CN(C)C(C(=O)N1CCC1c1ccccc1)c1ccc(Cl)cc1,451_Library_D
,
CN(C)C(C(=O)NCc1ccc2nsnc2c1)c1ccc(Cl)cc1,452_Library_D
,
CN(C)C(C(=O)Nc1cccc(N2CCOCC2=O)c1)c1ccc(Cl)cc1,453_Library_D
,
CN(C)C(C(=O)Nc1cccn(C(F)F)c1=O)c1ccc(Cl)cc1Cl,454_Library_D
,
CN(C)C(C(=O)Nc1ccnc(C(=O)O)c1)c1ccc(Cl)cc1,455_Library_D
,
CN(C)C(C)(C(=O)Nc1cccc(C2CCC(=O)N2)c1)c1ccc(Cl)cc1,456_Library_D
,
CN(C)C(COC(=O)C1CCOc2cc(Br)ccc21)c1cccnc1,457_Library_D
,
CN(C)CCOc1cc(F)ccc1NC(=O)N1CCC(n2ccccc2=O)CC1,458_Library_D
,
CN(C)c1cc(COC(=O)C(CO)c2ccc(Cl)cc2)ccn1,459_Library_D
,
CN(C)c1ccc(NC(=O)C2(c3ccc(Br)cn3)CCC2)nn1,460_Library_D
,
CN(C)c1ccc(NC(=O)c2c(O)cnc3cc(F)ccc23)c(Cl)c1,461_Library_D
,
CN(C)c1ccncc1NC(=O)C1CCc2cc(F)ccc21,462_Library_D
,
CN(C)c1cnccc1NC(=O)C(C)(C)c1ccc(F)cc1F,463_Library_D
,
CN(C)c1nc(Br)ncc1NC(=O)N1CCN(c2ccncn2)CC1,464_Library_D
,
CN(C)c1nc(Cl)ncc1NC(=O)C(C)(C)Cc1ccc(CN)cc1,465_Library_D
,
CN(C)c1nc(Cl)ncc1NC(=O)c1cc(-c2ccccn2)ns1,466_Library_D
,
CN(C)c1nc(Cl)ncc1NC(=O)c1cncc2c(Cl)cccc12,467_Library_D
,
CN(C)c1ncc(CNC(=O)c2cc(=O)[nH]c3cc(F)ccc23)cn1,468_Library_D
,
CN(CC(=O)Nc1ccc(Cl)cc1)C(=O)Nc1cnc2c(c1)CCO2,469_Library_D
,
CN(CC(=O)Nc1ccc(F)cc1)c1ncnc2c1nnn2CCC#N,470_Library_D
,
CN(CC(=O)Nc1ccc(F)cn1)C(=O)c1ccccc1C=CC(F)(F)F,471_Library_D
,
CN(CC=Cc1ccccc1)C(=O)C(CO)c1ccc(F)cc1,472_Library_D
,
CN(CC=Cc1ccccc1)C(=O)Cc1ccc(Cl)cn1,473_Library_D
,
CN(CCC(=O)Nc1ncc(Br)cn1)C(=O)c1ccc2c(n1)CCC2,474_Library_D
,
CN(CCOc1ccc(C#N)cc1)C(=O)c1c(O)cnc2cc(F)ccc12,475_Library_D
,
CN(CCc1ccccn1)C(=O)Cc1ccc(Cl)cn1,476_Library_D
,
CN(CCc1ncc(Br)cn1)C(=O)Nc1ccc(F)cn1,477_Library_D
,
CN(CCc1nccc(C(F)(F)F)n1)C(=O)N(CCC#N)c1ccc(F)cc1,478_Library_D
,
CN(Cc1ccc(Cl)c2ncccc12)C(=O)Cc1ccc(F)cc1F,479_Library_D
,
CN(Cc1ccc(Cl)cn1)C(=O)c1c(O)cnc2cc(F)ccc12,480_Library_D
,
CN(Cc1ccc(N)nc1)C(=O)C1Cc2cc(Cl)ccc21,481_Library_D
,
CN(Cc1ccc2c(c1)oc(=O)n2C)C(=O)C(C)(F)c1ccc(F)cc1,482_Library_D
,
CN(Cc1cccc(OC(F)F)c1)C(=O)C(C)(C)c1ccc(F)cn1,483_Library_D
,
CN(Cc1cccnn1)C(=O)C(C)(C)c1ccc(F)cc1,484_Library_D
,
CN(Cc1cnccn1)C(=O)C1(c2ccc(Cl)cc2F)CC(=O)C1,485_Library_D
,
CN(c1ccc(C#N)c(Cl)c1)S(=O)(=O)CC(=O)Nc1ccc(F)cc1,486_Library_D
,
CN1C(=O)C(NCC(CCO)c2ccncc2)Cc2cc(F)ccc21,487_Library_D
,
CN1C(=O)CCN(C(=O)C(F)(F)c2ccc(=O)n(C)c2)c2ccc(F)cc21,488_Library_D
,
CN1C(=O)CCN(C(=O)C2(F)CC2c2ccccc2)c2ccc(F)cc21,489_Library_D
,
CN1C(=O)CCN(C(=O)C2CC(=O)Nc3ncccc32)c2ccc(Cl)cc21,490_Library_D
,
CN1C(=O)CN(C(=O)c2[nH]nc3cc(Cl)ccc23)Cc2ccccc21,491_Library_D
,
CN1CCC(NC(=O)Cc2ccc(Cl)cc2Cl)C1c1ccccc1,492_Library_D
,
CN1CCC(Oc2cc(Cl)ccc2NC(=O)c2nccnc2Sc2ccccc2)CC1,493_Library_D
,
CN1CCCC(CNC(=O)N2CCc3cc(F)cnc32)C1c1ccc(Cl)cc1,494_Library_D
,
CN1CCCC(NC(=O)Nc2ccc(F)cc2C(C)(F)F)c2ccccc21,495_Library_D
,
CN1CCCN(C(=O)C(O)c2ccc(C3CC3)cc2)c2ccc(F)cc21,496_Library_D
,
CN1CCCN(C(=O)Nc2cncc(Cl)c2)c2ccc(F)cc21,497_Library_D
,
CN1CCCN(C(=O)c2cc3ccccc3c(=O)n2C)c2ccc(F)cc21,498_Library_D
,
CN1CCCc2cccc(NC(=O)C(c3ccc(Cl)cc3)N(C)C)c21,499_Library_D
,
CN1CCN(C(=O)CCc2ccc3c(c2)COCC3)c2ncc(F)cc21,500_Library_D
,
CN1CCN(C(=O)NCc2nc3cc(F)c(F)cc3[nH]2)c2ccc(F)cc21,501_Library_D
,
CN1CCN(C(=O)Nc2cccc3c2CCN3C(=O)OC(C)(C)C)c2ccc(F)cc21,502_Library_D
,
CN1CCN(C(=O)Nc2cnn(-c3ccc(F)cc3)c2)c2ccc(F)cc21,503_Library_D
,
CN1CCN(c2cc(F)cc(CNC(=O)c3ncn4cc(Cl)ccc34)c2)CC1,504_Library_D
,
CN1CCc2cc(CC(=O)N(C)c3ccc(F)cc3Cl)ccc21,505_Library_D
,
CN1N=CCc2c(N3CC(NC(=O)Cc4ccc(F)cc4)C3)ncnc21,506_Library_D
,
CN1OC(c2ccccc2)C(C(=O)N(C)c2ccc(F)cc2Cl)CC1=O,507_Library_D
,
CNC(=O)C(Cc1ccc(O)cc1)NC(=O)C(C)(C)c1ccc(F)cc1F,508_Library_D
,
CNC(=O)C1Cc2ccccc2N1C(=O)C(O)c1ccc(Cl)cc1Cl,509_Library_D
,
CNC(=O)COc1cc(F)ccc1NC(=O)NCc1ccc2cc[nH]c2n1,510_Library_D
,
CNC(=O)COc1cc(NC(=O)NC2CCN(c3ccc(F)cc3Cl)C2=O)ccc1F,511_Library_D
,
CNC(=O)Cc1ccc(C(=O)NC2CCCN(c3ccc(F)cc3)C2=O)cc1,512_Library_D
,
CNC(=O)Nc1cc(NC(=O)C2(c3ccc(F)cn3)CC2)ccc1F,513_Library_D
,
CNC(=O)c1cc(Cl)ccc1NC(=O)C1COCCN1Cc1ccccc1,514_Library_D
,
CNC(=O)c1cc(Cl)ccc1NC(=O)c1nc2ccccc2s1,515_Library_D
,
CNC(=O)c1cncc(N(C)C(=O)N2CCc3cc(F)cnc32)n1,516_Library_D
,
CNC(=O)c1cncc(N(C)C(=O)c2[nH]nc3cc(F)ccc23)n1,517_Library_D
,
CNC(=O)c1cncc(N(C)C(=O)c2c[nH]c3cc(Cl)ccc23)n1,518_Library_D
,
CNC(C(=O)N(C)Cc1ccc[nH]c1=O)c1ccc(Cl)cc1Cl,519_Library_D
,
CNC(CNC(=O)C(C)(F)c1ccc(F)cc1)c1ccccc1,520_Library_D
,
CNC(CNC(=O)C(F)(F)c1ccc(F)cc1F)c1ccccc1,521_Library_D
,
COC(=O)C(C)Oc1cc(NC(=O)N(C)c2ccc(Cl)nn2)ccc1C,522_Library_D
,
COC(=O)C(OC(=O)C(C)c1ccc(F)cc1F)c1ccccn1,523_Library_D
,
COC(=O)C(c1cccc(C)c1)N(C)C(=O)c1ncc2cc(Cl)ccn12,524_Library_D
,
COC(=O)C1(c2ccccc2)CCN(CC(=O)N(C)c2ccc(F)cc2)C1,525_Library_D
,
COC(=O)C1CN(C(=O)N(C)c2ccc(F)cc2C)Cc2ccccc2O1,526_Library_D
,
COC(=O)C1CN(C(=O)NCc2cncc(OC)c2C)c2ccc(F)cc2O1,527_Library_D
,
COC(=O)C1CN(C(=O)Nc2cc(C)nc3cc(OC)ccc23)c2ccc(F)cc2O1,528_Library_D
,
COC(=O)C1CN(CC(=O)Nc2ccc(F)cn2)Cc2ccccc21,529_Library_D
,
COC(=O)C1Cc2cc(F)ccc2N1C(=O)c1nnn2ccccc12,530_Library_D
,
COC(=O)CC(C)(NC(=O)C(O)c1ccc(Cl)cc1Cl)c1cccnc1,531_Library_D
,
COC(=O)CCc1ccc(NC(=O)c2c(O)cnc3cc(F)ccc23)cc1,532_Library_D
,
COC(=O)CN(C(=O)CCn1cc(Br)ccc1=O)c1ccc(F)cc1,533_Library_D
,
COC(=O)COc1ccc(N(C)C(=O)c2nnn3cc(Cl)ccc23)cc1,534_Library_D
,
COC(=O)Cc1ccc2c(c1)N(C(=O)Nc1cnc(Cl)cn1)CC2,535_Library_D
,
COC(=O)Cc1ccc2c(c1)N(CC(=O)Nc1ccc(F)cn1)CCC2,536_Library_D
,
COC(=O)c1c(C)ccc2c1CCN(C(=O)C(C)(C)c1ccc(F)cn1)C2,537_Library_D
,
COC(=O)c1cc(=O)[nH]c2c1CN(C(=O)Cc1ccc(F)cc1C(F)(F)F)CC2,538_Library_D
,
COC(=O)c1cc(C(=O)OCC(=O)Cc2ccc(Cl)cc2Cl)c(F)cn1,539_Library_D
,
COC(=O)c1cc(C)c(COC(=O)C2(c3ccc(F)cn3)CCC2)cn1,540_Library_D
,
COC(=O)c1cc(C)c(NC(=O)C(F)c2ccc(Cl)cc2)cc1F,541_Library_D
,
COC(=O)c1cc(C)nc(N2CCN(c3ccc(F)cc3F)C(=O)C2)n1,542_Library_D
,
COC(=O)c1cc(F)cc(C2(NC(=O)Nc3ccc(F)cc3F)CC2)c1,543_Library_D
,
COC(=O)c1cc(F)cc2c1CCN(C(=O)Nc1ccc(Cl)cn1)C2,544_Library_D
,
COC(=O)c1cc(F)ccc1NC(=O)CCc1ccc2c(c1)NC(=O)CO2,545_Library_D
,
COC(=O)c1ccc(C(=O)COC(=O)C2CCc3cc(F)ccc32)cc1,546_Library_D
,
COC(=O)c1ccc(CC(=O)N(C)c2ccc(F)cc2OC)c(C)c1,547_Library_D
,
COC(=O)c1ccc(CN2CCC(=O)N(C)c3ccc(F)cc32)nn1,548_Library_D
,
COC(=O)c1ccc(CNC(=O)C2(c3ccc(Cl)cc3)CC(F)(F)C2)nc1C,549_Library_D
,
COC(=O)c1ccc(F)c2c1CCN(C(=O)Cc1ccc(F)cn1)C2,550_Library_D
,
COC(=O)c1ccc(NC(=O)c2csc3cc(Cl)cnc23)c2c1COC2,551_Library_D
,
COC(=O)c1ccc2c(c1)C(NC(=O)C1(c3ccc(F)cn3)CC1)CCC2,552_Library_D
,
COC(=O)c1ccc2c(c1)CN(C(C)C(=O)Nc1ccc(F)cc1)C2,553_Library_D
,
COC(=O)c1ccc2cc(C(=O)N3CCCN(C)c4cc(F)ccc43)[nH]c2c1,554_Library_D
,
COC(=O)c1cccc(C)c1S(=O)(=O)NC(=O)Cc1ccc(F)cc1F,555_Library_D
,
COC(=O)c1cccc(C2(CNC(=O)C3(c4ccc(F)cn4)CCC3)CC2)c1,556_Library_D
,
COC(=O)c1cccc(N(C)C(=O)N(CC(C)C)c2ccc(F)cc2)c1C,557_Library_D
,
COC(=O)c1ccnc(NCC(=O)Nc2ccc(Br)cn2)c1,558_Library_D
,
COC(=O)c1ccnc(OCC(=O)Nc2ccc(Br)cc2)c1,559_Library_D
,
COC(=O)c1ccnc2c1CN(C(=O)Nc1ncc(Cl)cc1O)C2,560_Library_D
,
COC(=O)c1cncc2ccc(NC(=O)N(C)c3ccc(F)cc3C)cc12,561_Library_D
,
COC(=O)c1cnn2ccnc(NC(=O)C(CO)c3ccc(Cl)cc3)c12,562_Library_D
,
COC(=O)c1nccc2c1CCN(C(=O)Nc1ccc(F)cn1)C2,563_Library_D
,
COC(=O)c1nccc2c1N(C(=O)C(C)c1ccc(F)cn1)CCC2,564_Library_D
,
COC(=O)c1sc2ncncc2c1NC(=O)C(C)c1ccc(F)cc1F,565_Library_D
,
COC(C(=O)N(C)C(CN)c1ccccc1)c1ccc(Cl)cc1,566_Library_D
,
COC(C(=O)N(C)C1(c2cccnc2)CC1)c1ccc(Cl)cc1,567_Library_D
,
COC(C(=O)N(C)CC(=O)Nc1ccc(F)cc1)c1c(F)cccc1F,568_Library_D
,
COC(C(=O)N1CC(C(=O)O)C(c2ccncc2)C1)c1ccc(F)cc1,569_Library_D
,
COC(C(=O)N1CC(O)C(Oc2ccccc2)C1)c1ccc(Br)cc1,570_Library_D
,
COC(C(=O)N1CC(c2ncnc3ccccc23)C1)c1ccc(Br)cc1,571_Library_D
,
COC(C(=O)N1CCC(c2cccc(C(=O)O)c2)CC1)c1ccc(F)cc1,572_Library_D
,
COC(C(=O)N1CCC(n2ccc(=O)[nH]c2=O)CC1)c1ccc(Cl)cc1,573_Library_D
,
COC(C(=O)N1CCN(c2ncccn2)C(=O)C1)c1ccc(Br)cc1,574_Library_D
,
COC(C(=O)N1CCN(c2nccnc2F)C(C)C1)c1ccc(F)cc1,575_Library_D
,
COC(C(=O)N1CCc2cc(F)cnc21)c1cccnc1,576_Library_D
,
COC(C(=O)N1c2cccc(C)c2CC1C)c1ccc(F)cc1,577_Library_D
,
COC(C(=O)NC(C)c1ccc(=O)[nH]c1)c1ccc(Cl)cc1,578_Library_D
,
COC(C(=O)NC1CC1c1ccccc1)c1ccc(F)cc1,579_Library_D
,
COC(C(=O)NCC1CC12CCc1ccccc12)c1ccc(Cl)cc1,580_Library_D
,
COC(C(=O)NCC1c2ccccc2C(=O)N1C)c1ccc(F)cc1,581_Library_D
,
COC(C(=O)NCCn1cnc2sccc2c1=O)c1ccc(F)cc1,582_Library_D
,
COC(C(=O)NCc1nnc2ccc(Cl)nn12)c1ccc(Br)cc1,583_Library_D
,
COC(C(=O)Nc1[nH]c(=O)ncc1N)c1ccc(Cl)cc1,584_Library_D
,
COC(C(=O)Nc1ccc(Cl)cc1OC(F)F)c1cccnc1,585_Library_D
,
COC(C(=O)Nc1ccc2cnccc2c1)c1ccc(Br)cc1,586_Library_D
,
COC(C(=O)Nc1cccc(C(N)=O)c1C)c1ccc(Cl)cc1,587_Library_D
,
COC(C(=O)Nc1ccnc(CC(C)C)n1)c1ccc(Br)cc1,588_Library_D
,
COC(C(=O)Nc1ccnc(S(C)=O)c1)c1ccc(F)cc1,589_Library_D
,
COC(C(=O)OC1c2ccccc2OCC1CO)c1ccc(F)cc1,590_Library_D
,
COC(C(=O)OCC(=O)Nc1ccc(C#N)cc1)c1ccc(F)cc1,591_Library_D
,
COC(C(=O)OCC(=O)Nc1ccc(F)cc1F)c1cccnc1,592_Library_D
,
COC(C(=O)OCC(=O)Nc1cccnc1)c1ccc(Br)cc1,593_Library_D
,
COC(C(=O)OCCc1cc(C)ncn1)c1ccc(F)cc1,594_Library_D
,
COC(C(=O)OCCc1ccc(C)cc1C)c1ccc(Br)cc1,595_Library_D
,
COC(C(=O)OCCc1cncnc1)c1ccc(Br)cc1,596_Library_D
,
COC(C(=O)OCc1cnccc1F)c1ccc(Br)cc1,597_Library_D
,
COC(CNC(=O)N(C)c1ccc(F)cc1F)c1ccc(C(F)(F)F)cc1,598_Library_D
,
COC(CNC(=O)N(c1ccc(F)cc1)C1CC1)c1ccccc1C,599_Library_D
,
COC1CN(C(=O)C2(c3ccc(Br)cn3)CCC2)CCc2ccccc21,600_Library_D
,
COC1CN(C(C)C(=O)Nc2ccc(Cl)cc2F)CCc2ccccc21,601_Library_D
,
COCC(=O)NC(C(=O)Nc1ccc2c(c1)NC(=O)C2)c1ccc(Cl)cc1Cl,602_Library_D
,
COCC(CO)(NC(=O)c1ccnc2cc(F)cnc12)c1ccccc1,603_Library_D
,
COCC(NC(=O)C1(c2ccc(Br)cn2)CCC1)c1cccnc1,604_Library_D
,
COCCn1cc(NC(=O)N2CCc3cc(F)cnc32)ccc1=O,605_Library_D
,
COCc1cc(Br)ccc1NC(=O)Cc1nc2ncccn2n1,606_Library_D
,
COCc1cc(Cl)ccc1NC(=O)C1(Oc2ccc(F)cc2)CCOCC1,607_Library_D
,
COCc1cc(Cl)ccc1NC(=O)Cn1c(C)nc2sccc2c1=O,608_Library_D
,
COCc1cc(Cl)ccc1NC(=O)N1CCC(O)CC1c1ccccc1,609_Library_D
,
COCc1cc(Cl)ccc1NC(=O)NC1CCc2cc(C)ccc21,610_Library_D
,
COCc1cc(Cl)ccc1NC(=O)NCCc1ccc2c[nH]nc2c1,611_Library_D
,
COCc1cc(F)ccc1NC(=O)C1Cc2nccnc2C1,612_Library_D
,
COCc1cc(F)ccc1NC(=O)COc1ccc2ccccc2n1,613_Library_D
,
COCc1cc(F)ccc1NC(=O)N1CCCc2c1ccc1nc[nH]c21,614_Library_D
,
COCc1cc(F)ccc1NC(=O)NC1CC(C)(C)c2ccccc21,615_Library_D
,
COCc1cc(F)ccc1NC(=O)NCCc1ccc2c(c1)COCC2,616_Library_D
,
COCc1cc(F)ccc1NC(=O)c1c(C)c(=O)n(C)c2ccccc12,617_Library_D
,
COCc1cc(F)ccc1NC(=O)c1nc(C)c2c(=O)nc[nH]c2n1,618_Library_D
,
COCc1ccc(CCNC(=O)N2CCN(C)c3cc(F)ccc32)cc1,619_Library_D
,
COCc1ccc(CCNC(=O)c2c(O)cnc3cc(F)ccc23)cc1,620_Library_D
,
COCc1ccc(NC(=O)C(CC(F)(F)F)c2ccc(F)cc2)cc1F,621_Library_D
,
COCc1cccc(Cn2cc(C(=O)Nc3ccc(F)cc3)nn2)c1,622_Library_D
,
COCc1ccccc1CC(=O)N1CCN(C)c2cc(F)ccc21,623_Library_D
,
COCc1nc(=O)c(C(=O)NC(C)C(=O)Nc2ccc(Cl)cc2)c[nH]1,624_Library_D
,
COCc1ncc(NC(=O)C(O)c2ccc(Cl)cc2Cl)c(C)n1,625_Library_D
,
COCc1ncc(NC(=O)N2CC(=O)Nc3cc(F)ccc32)c(C)n1,626_Library_D
,
COc1c(C(=O)OCC(=O)Cc2ccc(F)cc2F)cnc2ccccc12,627_Library_D
,
COc1c(CNC2CCN(c3ccc(F)cc3F)C2=O)occc1=O,628_Library_D
,
COc1c(F)cccc1C1CCN(C(=O)Cc2ccc(F)cc2Cl)C1,629_Library_D
,
COc1c(F)cccc1N(C)C(=O)c1c(O)cnc2cc(F)ccc12,630_Library_D
,
COc1c(NC(=O)C2(c3ccc(F)cc3F)CCCC2)cccc1C(N)=O,631_Library_D
,
COc1c[nH]c(CNC(=O)C(F)(F)c2ccc(F)cc2F)nc1=O,632_Library_D
,
COc1cc(Br)ccc1CC(=O)N1CC2CC1CN2c1cncc(O)c1,633_Library_D
,
COc1cc(Br)ccc1CC(=O)NC1CC(c2cccnc2)C1,634_Library_D
,
COc1cc(Br)ccc1CC(=O)OCCn1cnc2c(cnn2C)c1=O,635_Library_D
,
COc1cc(Br)ccc1CC(=O)OCc1ccc2c(c1)OCO2,636_Library_D
,
COc1cc(Br)ccc1CNC(=O)C1CCc2cc(Cl)ccc21,637_Library_D
,
COc1cc(Br)ccc1N(C)C(=O)C1CCOC(c2cccc(F)c2)C1,638_Library_D
,
COc1cc(Br)ccc1NC(=O)C1CC(c2ccccc2)O1,639_Library_D
,
COc1cc(Br)cnc1NC(=O)C1CCCN1c1ccncn1,640_Library_D
,
COc1cc(Br)cnc1NC(=O)C1Cc2c(C)cccc2O1,641_Library_D
,
COc1cc(Br)cnc1NC(=O)C1Cc2cccc(F)c21,642_Library_D
,
COc1cc(Br)cnc1NC(=O)CCc1nc2ccccc2n1C,643_Library_D
,
COc1cc(Br)cnc1NC(=O)COc1cccc(CN)c1,644_Library_D
,
COc1cc(Br)cnc1NC(=O)Cc1coc2ccccc12,645_Library_D
,
COc1cc(Br)cnc1NC(=O)N(C)c1ccc(Cl)cn1,646_Library_D
,
COc1cc(Br)cnc1NC(=O)N(c1cc(C)ccc1C)C(C)C,647_Library_D
,
COc1cc(Br)cnc1NC(=O)N1C(C)c2ccccc2C1C,648_Library_D
,
COc1cc(Br)cnc1NC(=O)N1CC(Oc2ccncc2)C1,649_Library_D
,
COc1cc(Br)cnc1NC(=O)N1CCC(C)(c2ccc(C)cc2)C1,650_Library_D
,
COc1cc(Br)cnc1NC(=O)N1CCc2ccccc2C(N)C1,651_Library_D
,
COc1cc(Br)cnc1NC(=O)NC(C)C1CCc2ccccc21,652_Library_D
,
COc1cc(Br)cnc1NC(=O)NC(C)c1ccc[nH]c1=O,653_Library_D
,
COc1cc(Br)cnc1NC(=O)NCC1CCC1c1ccccc1,654_Library_D
,
COc1cc(Br)cnc1NC(=O)NCCc1ccc(F)c(O)c1,655_Library_D
,
COc1cc(C(=O)N2CCN(c3ccc(F)cc3F)C(=O)C2)nnc1C1CC1,656_Library_D
,
COc1cc(C(=O)N2CCc3cc(Br)cnc32)c2ncccc2c1,657_Library_D
,
COc1cc(C(F)F)ccc1COC(=O)c1ccnc2cc(F)cnc12,658_Library_D
,
COc1cc(C)c(CNC(=O)C(N)c2ccc(Cl)cc2Cl)cn1,659_Library_D
,
COc1cc(C)c(CNC(=O)N(C)c2ccc(Br)cn2)cn1,660_Library_D
,
COc1cc(C)nc(CN(C)C(=O)C(OC)c2ccc(F)cc2)n1,661_Library_D
,
COc1cc(C)nc(CNC(=O)C(c2ccc(Cl)cc2)N2CCOCC2)c1,662_Library_D
,
COc1cc(C2CC2C(=O)Nc2ccc(Cl)cc2N2CCNC(=O)C2)ccc1F,663_Library_D
,
COc1cc(C2CC2NC(=O)N2CCN(C)c3cc(F)ccc32)ccc1F,664_Library_D
,
COc1cc(C2CC2NC(=O)N2CCc3cc(F)cnc32)ccc1F,665_Library_D
,
COc1cc(C2CN(CC(=O)Nc3ccc(F)cn3)CCO2)ccc1F,666_Library_D
,
COc1cc(CC(=O)N(C)c2ncc(F)cc2F)ccc1F,667_Library_D
,
COc1cc(CC(=O)Nc2ccc(Cl)cc2S(=O)(=O)C2CC2)ccn1,668_Library_D
,
COc1cc(CN(C)C(=O)Cc2ccc(F)cn2)cc(OC)c1,669_Library_D
,
COc1cc(CN(C)C(=O)N2CC(CC(=O)O)Cc3cc(F)ccc32)ccc1O,670_Library_D
,
COc1cc(CNC(=O)Nc2ncc(Br)cc2C)ccn1,671_Library_D
,
COc1cc(CNC(=O)c2cnc3cc(Br)ccn23)ncn1,672_Library_D
,
COc1cc(COC(=O)c2cn(C)c3cc(Cl)ccc23)ncn1,673_Library_D
,
COc1cc(Cl)cc(CCOC(=O)C2CCc3cc(F)ccc32)c1,674_Library_D
,
COc1cc(Cl)ccc1C(F)(F)C(=O)NC(C)c1ccc[nH]c1=O,675_Library_D
,
COc1cc(Cl)ccc1C(F)(F)C(=O)NC1CCC1c1ccc(F)cc1,676_Library_D
,
COc1cc(Cl)ccc1CC(=O)N(C)Cc1cccc2cc[nH]c12,677_Library_D
,
COc1cc(Cl)ccc1CC(=O)NCc1c(Cl)ncnc1N(C)C,678_Library_D
,
COc1cc(Cl)ccc1CC(=O)NCc1cccc(C2OCCO2)c1,679_Library_D
,
COc1cc(Cl)cnc1NC(=O)C1CC(=O)Nc2ncc(Br)cc21,680_Library_D
,
COc1cc(Cl)nnc1NC(=O)C1CC(Cc2ccccc2)=NO1,681_Library_D
,
COc1cc(F)c(C(=O)OCC(=O)Cc2ccc(F)cc2F)c(F)c1,682_Library_D
,
COc1cc(F)c(C(C)NC(=O)C2(c3ccc(F)cn3)CCC2)cc1OC,683_Library_D
,
COc1cc(F)c(F)cc1S(=O)CC(=O)Nc1ccc(F)cn1,684_Library_D
,
COc1cc(F)c(NC(=O)C(F)c2ccc(F)cc2)cc1Cl,685_Library_D
,
COc1cc(F)cc(F)c1NC(=O)Cc1ccc(Cl)cn1,686_Library_D
,
COc1cc(F)ccc1N(C)C(=O)Cc1cccnn1,687_Library_D
,
COc1cc(F)ccc1N(C)C(=O)NC(C)c1c(F)cccc1F,688_Library_D
,
COc1cc(F)ccc1N(C)C(=O)NC(c1ccccc1)C1(O)CCCCC1,689_Library_D
,
COc1cc(F)ccc1N(C)C(=O)NCC(c1ccc(F)cc1)N1CCOCC1,690_Library_D
,
COc1cc(F)ccc1N(C)C(=O)NCCc1ccnnc1,691_Library_D
,
COc1cc(F)ccc1N(C)C(=O)NCc1ncc(C#N)c(N)n1,692_Library_D
,
COc1cc(F)ccc1N(C)C(=O)c1c[nH]c2cccc(OC)c12,693_Library_D
,
COc1cc(F)ccc1N(C)C(=O)c1cn(C)nc1Cc1ccc(O)cc1,694_Library_D
,
COc1cc(N2CCN(c3ccc(Cl)cc3)C(=O)C2)nc(C2CCOCC2)n1,695_Library_D
,
COc1cc(NC(=O)Cc2ccc(F)cc2Cl)ccc1S(N)(=O)=O,696_Library_D
,
COc1cc(OC)cc(C2CCN(C(=O)N(c3ccc(F)cc3)C(C)C)CC2)c1,697_Library_D
,
COc1cc(OC)nc(N2CCC(C(=O)Nc3ccc(F)cc3)CC2)n1,698_Library_D
,
COc1cc2c(C(=O)OC(C)C(=O)Nc3ccc(Cl)cc3)c[nH]c2cc1Cl,699_Library_D
,
COc1cc2c(cc1F)C(NC(=O)C(F)c1ccc(F)cc1F)CCC2,700_Library_D
,
COc1cc2c(cc1F)N(C(=O)Nc1ccc(F)cn1)CCC2,701_Library_D
,
COc1cc2c(cc1OC)C(NC(=O)c1c(Cl)nc3cc(Cl)ccn13)CCCC2,702_Library_D
,
COc1cc2c(cn1)N(C(=O)c1ncn3cc(Cl)ccc13)CC2,703_Library_D
,
COc1cc2cnc(N3CCN(c4ccc(Cl)cc4)C(=O)C3)cc2cc1OC,704_Library_D
,
COc1ccc(C(=O)N(C)c2ncc(Br)cn2)c(OCc2cccnc2)c1,705_Library_D
,
COc1ccc(C(=O)OCC(=O)N(C)c2ccc(F)cc2)c(OC)n1,706_Library_D
,
COc1ccc(C(=O)OCC(=O)Nc2ccc(F)cn2)c(C(F)F)c1,707_Library_D
,
COc1ccc(C(C)(C)NC(=O)C2(c3ccc(Cl)cn3)CCC2)cc1S(C)(=O)=O,708_Library_D
,
COc1ccc(C(C)CCNC(=O)c2c(O)cnc3cc(F)ccc23)cc1,709_Library_D
,
COc1ccc(C(C)CNC(=O)C(F)c2ccc(F)cc2)cc1,710_Library_D
,
COc1ccc(C(C)NC(=O)C2(c3ccc(Br)cn3)CCC2)cc1F,711_Library_D
,
COc1ccc(C(CO)N(C)C(=O)c2ncn3cc(Cl)ccc23)cc1OC,712_Library_D
,
COc1ccc(C(N)=O)c(NC(=O)c2noc3cc(F)ccc23)c1,713_Library_D
,
COc1ccc(C)cc1N(C)C(=O)c1nccc2cc(Cl)ccc12,714_Library_D
,
COc1ccc(C)nc1CS(=O)(=O)CC(=O)N(C)c1ccc(F)cc1,715_Library_D
,
COc1ccc(C2(O)CCN(C(=O)Cc3ccc(Cl)cc3F)CC2)cc1,716_Library_D
,
COc1ccc(C2CCCN(C3CCN(c4ccc(F)cc4)C3=O)C2)cn1,717_Library_D
,
COc1ccc(CC(=O)N(c2ccc(F)cc2)C(C)C)nn1,718_Library_D
,
COc1ccc(CC(C)NC(=O)c2cncc3cc(Cl)ccc23)cc1F,719_Library_D
,
COc1ccc(CCC(=O)N(C)c2ccc(F)cc2Cl)cn1,720_Library_D
,
COc1ccc(CCC(=O)N(C)c2ncc(F)cn2)cn1,721_Library_D
,
COc1ccc(N(C)C(=O)C(C)c2ccc(F)cc2F)cc1F,722_Library_D
,
COc1ccc(N(C)C(=O)N2CCOc3cc(Cl)ccc32)cc1Cl,723_Library_D
,
COc1ccc(NC(=O)C(O)c2ccc(F)cn2)cc1NC(C)=O,724_Library_D
,
COc1ccc(NC(=O)C(c2ccc(F)cc2)C(C)C)c(C(F)(F)F)n1,725_Library_D
,
COc1ccc(NC(=O)c2cncc3cc(Cl)ccc23)c(OC)c1,726_Library_D
,
COc1ccc(OC)c(CN(C)C(=O)C(C)(N)c2ccc(F)cc2)c1,727_Library_D
,
COc1ccc(S(=O)(=O)NC(=O)c2coc3cc(F)ccc23)cc1NC(C)=O,728_Library_D
,
COc1ccc(SCC(=O)N(C)c2ccc(F)cc2Cl)cc1,729_Library_D
,
COc1ccc2c(c1)C1(CC1)CN(C(=O)C(C)c1ccc(Br)cn1)C2,730_Library_D
,
COc1ccc2c(c1)CC(NC(=O)C(F)(F)c1ccc(F)cc1F)CO2,731_Library_D
,
COc1ccc2c(c1)CC1(CC1)N(C(=O)Cn1ccc(Cl)cc1=O)C2,732_Library_D
,
COc1ccc2c(c1)CCCN2C(=O)c1c(O)cnc2cc(F)ccc12,733_Library_D
,
COc1ccc2c(c1)CN(C(=O)Cc1ccc(Cl)cn1)C2,734_Library_D
,
COc1ccc2c(c1)c(C(=O)Nc1cnc(Cl)cn1)c(C)n2C,735_Library_D
,
COc1ccc2c(c1C(=O)O)CCN(C(=O)Cc1ccc(Cl)cc1F)C2,736_Library_D
,
COc1ccc2c(n1)N(C(=O)c1ccnc3cc(F)cnc13)CC2,737_Library_D
,
COc1ccc2cccnc2c1C(=O)N1CC(CN)Cc2cc(F)ccc21,738_Library_D
,
COc1ccc2n[nH]c(C(=O)N3CCCN(C)c4cc(F)ccc43)c2c1,739_Library_D
,
COc1cccc(C(CO)NC(=O)c2c(O)cnc3cc(F)ccc23)c1,740_Library_D
,
COc1cccc(C2(F)CCN(C3CCN(c4ccc(F)cc4)C3=O)C2)c1,741_Library_D
,
COc1cccc(C2OCCCC2NC(=O)N2CCOc3cc(F)ccc32)c1,742_Library_D
,
COc1cccc(CCC(=O)N2CC(C)(C)Oc3cc(F)ccc32)n1,743_Library_D
,
COc1cccc(CCNC(=O)c2nnc3cc(Cl)ccn23)c1,744_Library_D
,
COc1cccc(CN(C)C(=O)c2cnn3cc(Br)cnc23)n1,745_Library_D
,
COc1cccc(F)c1C1CCCN1C(=O)C(CO)c1ccc(Cl)cc1,746_Library_D
,
COc1cccc(F)c1N(C)C(=O)CCC(=O)Nc1ccc(F)cn1,747_Library_D
,
COc1cccc(F)c1N(C)C(=O)NCC(=O)Nc1ccc(F)cn1,748_Library_D
,
COc1cccc(OC(F)F)c1NC(=O)Cn1ccc(Br)cc1=O,749_Library_D
,
COc1cccc(OC)c1CC(=O)N(c1ccc(F)cc1)C1CCC1,750_Library_D
,
COc1cccc(OC)c1CN(C)C(=O)C1(c2ccc(Cl)cc2)CC(F)(F)C1,751_Library_D
,
COc1cccc(OC)c1CN(C)C(=O)c1cncc2cc(Cl)ccc12,752_Library_D
,
COc1cccc2c(C(=O)Nc3nnc(Cl)cc3N)csc12,753_Library_D
,
COc1cccc2c1C(NC(=O)C1(N)CCc3cc(Br)ccc31)CC(=O)N2,754_Library_D
,
COc1cccc2c1C(NC(=O)N(C)c1ccc(F)cc1C#N)CC(C)C2,755_Library_D
,
COc1cccc2c1CC(C(=O)Nc1ccc(F)cc1CN1CCOCC1)N2,756_Library_D
,
COc1cccc2c1CCC2(N)C(=O)N1CCN(C)c2cc(F)ccc21,757_Library_D
,
COc1cccc2c1OC(C(=O)Nc1cnc(Cl)nc1N(C)C)C2,758_Library_D
,
COc1cccc2c1nc(NC(=O)C(CC(F)F)c1ccc(F)cc1)n2C,759_Library_D
,
COc1cccc2ccc(C(=O)N3CC(CN)Cc4cc(F)ccc43)nc12,760_Library_D
,
COc1ccccc1C(C)(C)C(=O)OCC(=O)Nc1ccc(F)cn1,761_Library_D
,
COc1ccccc1S(=O)(=O)NC(=O)Cc1ccc(F)cc1F,762_Library_D
,
COc1ccnc(CC(=O)Nc2ccc(Br)cc2-n2nc(C)cc2C)n1,763_Library_D
,
COc1cn(-c2ccccc2)nc1C(=O)N1CC(C)Oc2cc(F)ccc21,764_Library_D
,
COc1cnc(CCNC(=O)C2(c3ccc(Br)cn3)CCC2)nc1,765_Library_D
,
COc1nc(C)cc(C)c1CN(C)C(=O)c1c(O)cnc2cc(F)ccc12,766_Library_D
,
COc1nc(C)cc(C)c1COC(=O)C(O)c1ccc(Cl)cc1Cl,767_Library_D
,
COc1nc(F)ccc1NC(=O)N1CC2(CCOCC2)c2ccccc21,768_Library_D
,
COc1ncc(C(=O)OCC(=O)Cc2ccc(Cl)cc2)cc1C(F)(F)F,769_Library_D
,
COc1nccc(C)c1CNC(=O)C1(c2ccc(F)cn2)CC1,770_Library_D
,
COc1nccc2c(C(=O)OCC(=O)N(C)c3ccc(F)cn3)c[nH]c12,771_Library_D
,
CS(=O)(=NC(=O)Cc1ccc(Br)cc1F)c1ccc(C#N)cc1,772_Library_D
,
CS(=O)(=O)Cc1cc(F)ccc1NC(=O)Cn1cc(C(F)(F)F)ccc1=O,773_Library_D
,
CS(=O)(=O)Cc1cc(F)ccc1NC(=O)N1CCCC1c1nccc(Cl)c1F,774_Library_D
,
CS(=O)(=O)Nc1cc(F)ccc1NC(=O)c1csc2[nH]cnc(=O)c12,775_Library_D
,
CS(=O)(=O)c1cc(F)ccc1NC(=O)C1Cc2ccccc2OC1C(F)F,776_Library_D
,
CS(=O)c1ccc(NC(=O)C2(c3ccc(Br)cn3)CCCC2)cc1,777_Library_D
,
CS(C)(=O)=Nc1cnc(NC2CCN(c3ccc(F)cc3F)C2=O)nc1,778_Library_D
,
CSC(CNC(=O)N(C)c1ncc(Cl)cc1Cl)c1cccc(Cl)c1,779_Library_D
,
CSc1cc(Cl)ccc1NC(=O)C1Cc2cc(F)cc(F)c2O1,780_Library_D
,
CSc1cc(Cl)ccc1NC(=O)NC1(c2ncccn2)CCOC1,781_Library_D
,
CSc1cc(F)ccc1NC(=O)C1CCC(N)c2ccccc21,782_Library_D
,
CSc1cc(F)ccc1NC(=O)CCc1nc(=O)c2cnn(C)c2[nH]1,783_Library_D
,
CSc1cc(F)ccc1NC(=O)NC1(C(C)c2ccccc2)CC1,784_Library_D
,
CSc1cc(F)ccc1NC(=O)NCc1cncc(C(C)(F)F)c1,785_Library_D
,
CSc1cc(F)ccc1NC(=O)c1ccc2ncc(=O)[nH]c2c1,786_Library_D
,
CSc1ccc(CNC2CCN(c3ccc(Cl)cc3)C2=O)cc1,787_Library_D
,
CSc1ccc2cc(C(=O)N3CCC(N)c4cc(F)ccc43)[nH]c2c1,788_Library_D
,
CSc1cnc(N2CCN(C(=O)c3coc4cc(F)ccc34)CC2)nc1,789_Library_D
,
CSc1nc(=O)cc(CNC(=O)c2c(O)cnc3cc(F)ccc23)[nH]1,790_Library_D
,
CSc1nc(Cl)cc(N2CCN(c3ccc(Cl)cc3)C(=O)C2)n1,791_Library_D
,
Cc1[nH]c2ccccc2c1C(=O)COC(=O)c1ncn2cc(Cl)ccc12,792_Library_D
,
Cc1[nH]cnc(=O)c1CCC(=O)N(C)c1ccc(Cl)cc1C#N,793_Library_D
,
Cc1c(C(=O)N(C)c2ccc(Cl)cc2C(=O)OC(C)(C)C)oc2ccccc12,794_Library_D
,
Cc1c(C(=O)N(CCC#N)c2ccc(F)cc2)cnc2c(Cl)cccc12,795_Library_D
,
Cc1c(C(=O)N(c2ccc(F)cc2)C2CCC2)nn2ccccc12,796_Library_D
,
Cc1c(C(=O)Nc2ccc(Cl)cc2C(C)(C)C)noc1-c1ccccc1,797_Library_D
,
Cc1c(C(=O)Nc2ncc(F)cc2Cl)[nH]c2cc(F)cc(F)c12,798_Library_D
,
Cc1c(C(=O)O)cccc1N(C)C(=O)c1nccc2cc(Cl)ccc12,799_Library_D
,
Cc1c(C(C)NC(=O)C(O)c2ccc(Cl)cc2F)oc2ccccc12,800_Library_D
,
Cc1c(C(C)NC(=O)Nc2ncc(F)cc2OCC(F)F)oc2ccccc12,801_Library_D
,
Cc1c(F)ccc2[nH]c(C(=O)N3CCOc4cc(F)ccc43)cc12,802_Library_D
,
Cc1c(F)cccc1N(C)C(=O)N1CC(=O)N(C)c2cc(Br)ccc21,803_Library_D
,
Cc1c(F)cccc1N(C)C(=O)c1nsc2cc(Br)ccc12,804_Library_D
,
Cc1c(F)ccn2c(NC(=O)c3cccc4cc(Cl)cnc34)cnc12,805_Library_D
,
Cc1c(O)c(=O)ccn1CC(=O)N1CCN(C)c2cc(F)ccc21,806_Library_D
,
Cc1c[nH]c(CNC(=O)c2cnc3cc(Br)ccn23)c(C)c1=O,807_Library_D
,
Cc1cc(-c2cnn(C)n2)cnc1C(=O)OCC(=O)N(C)c1ccc(F)cc1,808_Library_D
,
Cc1cc(=O)[nH]cc1CN1CCN(c2ccc(F)cc2)C(=O)C1,809_Library_D
,
Cc1cc(=O)nc(NC(=O)C2(c3ccc(F)cn3)CC2)[nH]1,810_Library_D
,
Cc1cc(Br)ccc1C(C)C(=O)Nc1ccc(S(N)(=O)=O)cn1,811_Library_D
,
Cc1cc(Br)ccc1CC(=O)NC(C)c1nccc(C(F)F)n1,812_Library_D
,
Cc1cc(Br)ccc1NC(=O)CNC1(Cc2ccccc2)CCOC1,813_Library_D
,
Cc1cc(Br)ccc1NC(=O)COc1ncccn1,814_Library_D
,
Cc1cc(C(=O)N(C)CC(=O)Nc2ccc(F)cc2)n2ncnc2n1,815_Library_D
,
Cc1cc(C(=O)N2CCCC2C(=O)Nc2ccc(Cl)cc2)nc2[nH]c(=O)[nH]c(=O)c12,816_Library_D
,
Cc1cc(C(=O)NC(C)C(=O)Nc2ccc(Cl)cc2)n2ncnc2n1,817_Library_D
,
Cc1cc(C(=O)NC2(CNc3ncncc3C)CCC2)c2ccc(F)cc2n1,818_Library_D
,
Cc1cc(C(=O)NCC(=O)N(C)c2ccc(F)cc2)cc2n[nH]nc12,819_Library_D
,
Cc1cc(C(=O)Nc2cnccc2N(C)C)c2ccc(F)cc2n1,820_Library_D
,
Cc1cc(C(=O)Nc2ncc(F)cc2Cl)c(C)n1-c1ccncc1,821_Library_D
,
Cc1cc(C(=O)Nc2ncc3c(n2)COCC3)c2ccc(Br)cc2n1,822_Library_D
,
Cc1cc(C(=O)OCC(=O)Nc2ccc(Cl)cn2)nnc1C,823_Library_D
,
Cc1cc(C(=O)OCC(=O)Nc2ccc(F)cn2)ncc1C(F)F,824_Library_D
,
Cc1cc(C)c(C#N)c(NC2CN(C(=O)C(F)c3ccc(F)cc3)C2)n1,825_Library_D
,
Cc1cc(C)c(OCC(=O)Nc2ncc(Cl)cc2O)c(F)c1,826_Library_D
,
Cc1cc(C)c2c(c1)CCC2NC(=O)c1c(O)cnc2cc(F)ccc12,827_Library_D
,
Cc1cc(C)c2c(c1)CN(C(=O)N(c1ccc(F)cc1)C(F)F)CC2,828_Library_D
,
Cc1cc(C)cc(C(CO)NC(=O)C(O)c2ccc(Cl)cc2Cl)c1,829_Library_D
,
Cc1cc(C)cc(C(CO)NC(=O)C2(c3ccc(Cl)cc3)CC(F)(F)C2)c1,830_Library_D
,
Cc1cc(C)cc(C(CO)NC(=O)N(C)c2ccc(Br)cc2C)c1,831_Library_D
,
Cc1cc(C)n2nc(C(=O)N3CC(C)(C)Oc4cc(F)ccc43)nc2n1,832_Library_D
,
Cc1cc(C2NCC(O)(C(=O)Nc3ccc(F)cc3)C2(C)C)ccc1F,833_Library_D
,
Cc1cc(CC(=O)Nc2ccc(Br)cc2CO)ccc1O,834_Library_D
,
Cc1cc(CNC(=O)N(C)c2ccc(Cl)cn2)ccc1CO,835_Library_D
,
Cc1cc(CS(=O)(=O)CC(=O)Nc2ccc(F)cc2)nc(-c2ccccc2)n1,836_Library_D
,
Cc1cc(Cl)c(F)cc1NC(=O)c1c(O)cnc2cc(F)ccc12,837_Library_D
,
Cc1cc(Cl)cc2cc(C(=O)Nc3cnc(Cl)nc3N(C)C)oc12,838_Library_D
,
Cc1cc(Cl)ccc1C1(C(=O)Nc2ccc3cncn3c2)CC1,839_Library_D
,
Cc1cc(Cl)ccc1CC(=O)N1CCC(c2ncc(S(C)(=O)=O)cn2)CC1,840_Library_D
,
Cc1cc(Cl)ccc1N(C)C(=O)C(N)Cc1[nH]nc2ccccc12,841_Library_D
,
Cc1cc(Cl)cnc1NC(=O)CC1CC(c2ccccc2)=NO1,842_Library_D
,
Cc1cc(Cl)nnc1NC(=O)C(C)CCCc1ccccc1,843_Library_D
,
Cc1cc(Cl)nnc1NC(=O)C(C)Cc1ccc(Cl)cc1F,844_Library_D
,
Cc1cc(Cl)nnc1NC(=O)C(C)Cc1ccncc1,845_Library_D
,
Cc1cc(Cl)nnc1NC(=O)C(C)OC(=O)c1cnc2ncoc2c1,846_Library_D
,
Cc1cc(Cl)nnc1NC(=O)C(F)(F)c1ccccn1,847_Library_D
,
Cc1cc(Cl)nnc1NC(=O)C(N)C(C)c1cccc(Br)c1,848_Library_D
,
Cc1cc(Cl)nnc1NC(=O)C(N)CCc1ccc(Br)cc1,849_Library_D
,
Cc1cc(Cl)nnc1NC(=O)C(N)Cc1cc(Br)ccn1,850_Library_D
,
Cc1cc(Cl)nnc1NC(=O)C(O)c1cccc2c1OCC2,851_Library_D
,
Cc1cc(Cl)nnc1NC(=O)C(c1ccccc1)n1nnnc1C,852_Library_D
,
Cc1cc(Cl)nnc1NC(=O)C1(C)CCN(c2cnccn2)CC1,853_Library_D
,
Cc1cc(Cl)nnc1NC(=O)C1(c2ccc(Br)cc2)CCCC1,854_Library_D
,
Cc1cc(Cl)nnc1NC(=O)C1CCC(=O)N1Cc1ccccc1,855_Library_D
,
Cc1cc(Cl)nnc1NC(=O)C1CCCN1c1ccc(C(N)=O)nn1,856_Library_D
,
Cc1cc(Cl)nnc1NC(=O)C1CCc2ncnc(C)c2C1,857_Library_D
,
Cc1cc(Cl)nnc1NC(=O)C1Cc2ccc(O)cc2O1,858_Library_D
,
Cc1cc(Cl)nnc1NC(=O)C1Cc2ccccc2C1(C)C,859_Library_D
,
Cc1cc(Cl)nnc1NC(=O)C1Cc2nccnc2C1,860_Library_D
,
Cc1cc(Cl)nnc1NC(=O)CCn1ccc(=O)[nH]c1=O,861_Library_D
,
Cc1cc(Cl)nnc1NC(=O)CN(C)c1nc2ccc(Cl)cc2s1,862_Library_D
,
Cc1cc(Cl)nnc1NC(=O)Cc1cc(O)cc(Br)c1,863_Library_D
,
Cc1cc(Cl)nnc1NC(=O)Cc1ccc(O)c(Cl)c1,864_Library_D
,
Cc1cc(Cl)nnc1NC(=O)Cc1cccc2c1CCNC2,865_Library_D
,
Cc1cc(Cl)nnc1NC(=O)Cc1cccc2sccc12,866_Library_D
,
Cc1cc(Cl)nnc1NC(=O)Cc1ccccc1COC(C)C,867_Library_D
,
Cc1cc(Cl)nnc1NC(=O)NCc1cccc2c1CCCC2,868_Library_D
,
Cc1cc(Cl)nnc1NC(=O)c1c[nH]nc1-c1ccc(Br)cc1,869_Library_D
,
Cc1cc(Cl)nnc1NC(=O)c1cc2cncnc2[nH]1,870_Library_D
,
Cc1cc(Cl)nnc1NC(=O)c1ccc2ncccc2c1Cl,871_Library_D
,
Cc1cc(Cl)nnc1NC(=O)c1nc(-c2cccnc2)n(C)n1,872_Library_D
,
Cc1cc(Cl)nnc1NC(=O)c1nnc2ccccn12,873_Library_D
,
Cc1cc(F)c2c(c1)NC(C(=O)N(C)c1ccc(F)cc1C)C2,874_Library_D
,
Cc1cc(F)c2c(c1)c(=O)c(C(=O)N(CCC#N)c1ccc(F)cc1)nn2C,875_Library_D
,
Cc1cc(F)cc2c(=O)c(C(=O)OCC(=O)Cc3ccc(F)cc3F)c[nH]c12,876_Library_D
,
Cc1cc(F)ccc1C(F)(F)C(=O)N(C)CCNc1ncncc1C#N,877_Library_D
,
Cc1cc(F)ccc1C(F)(F)C(=O)N(CCO)Cc1cncc(Br)c1,878_Library_D
,
Cc1cc(F)ccc1C(F)(F)C(=O)N1CCC(C)(c2ccccn2)C1,879_Library_D
,
Cc1cc(F)ccc1C(F)(F)C(=O)N1CCC(Nc2cncc(Cl)n2)C1,880_Library_D
,
Cc1cc(F)ccc1C(F)(F)C(=O)N1CCCCC1c1cccc(O)c1,881_Library_D
,
Cc1cc(F)ccc1C(F)(F)C(=O)N1Cc2nccc(Cl)c2C1,882_Library_D
,
Cc1cc(F)ccc1C(F)(F)C(=O)NC(C)c1ccc[nH]c1=O,883_Library_D
,
Cc1cc(F)ccc1C(F)(F)C(=O)NC(Cc1ccc(F)cc1F)C(=O)O,884_Library_D
,
Cc1cc(F)ccc1C(F)(F)C(=O)NC1(CO)CN(c2ccncn2)C1,885_Library_D
,
Cc1cc(F)ccc1C(F)(F)C(=O)NCC(C)(CO)c1ccccc1,886_Library_D
,
Cc1cc(F)ccc1C(F)(F)C(=O)NCC1(c2ccncc2F)CC1,887_Library_D
,
Cc1cc(F)ccc1C(F)(F)C(=O)NCc1ccc2c(c1)CN(C)C2=O,888_Library_D
,
Cc1cc(F)ccc1C(F)(F)C(=O)Nc1ccc(-c2cnco2)cc1,889_Library_D
,
Cc1cc(F)ccc1C(F)(F)C(=O)Nc1cccnc1N(C)C,890_Library_D
,
Cc1cc(F)ccc1C(F)(F)C(=O)Nc1cn(C)c2ccccc12,891_Library_D
,
Cc1cc(F)ccc1C(F)(F)C(=O)Nc1nc2c(c(=O)n1C)CCCC2,892_Library_D
,
Cc1cc(F)ccc1C(F)(F)C(=O)Nc1ncc2c(n1)COCC2,893_Library_D
,
Cc1cc(F)ccc1C(F)(F)C(=O)Nc1nnsc1-c1ccccc1,894_Library_D
,
Cc1cc(F)ccc1C(F)(F)C(=O)OCCc1noc2cc(F)ccc12,895_Library_D
,
Cc1cc(F)ccc1C(F)(F)C(=O)OCc1ccc2c(c1)oc(=O)n2C,896_Library_D
,
Cc1cc(F)ccc1C(N)C(=O)N1CCC2(CC1)C(=O)Nc1ccccc12,897_Library_D
,
Cc1cc(F)ccc1C(N)C(=O)NC(C)c1c(F)cccc1F,898_Library_D
,
Cc1cc(F)ccc1C(O)C(=O)N(C)c1ncc(OCc2ccccc2)cn1,899_Library_D
,
Cc1cc(F)ccc1C(O)C(=O)N1CC(C(=O)OC(C)(C)C)C(c2ccccc2)C1,900_Library_D
,
Cc1cc(F)ccc1C(O)C(=O)N1CC(Oc2ccncc2C(F)(F)F)C1,901_Library_D
,
Cc1cc(F)ccc1C(O)C(=O)N1CCC(C#N)(c2ccncc2F)CC1,902_Library_D
,
Cc1cc(F)ccc1C(O)C(=O)N1CCC(C)(c2ccc(Cl)cc2)C1,903_Library_D
,
Cc1cc(F)ccc1C(O)C(=O)N1CCCC2(CCc3ccccc32)C1,904_Library_D
,
Cc1cc(F)ccc1C(O)C(=O)N1CCCc2cc(CCC(=O)O)ccc21,905_Library_D
,
Cc1cc(F)ccc1C(O)C(=O)N1CCN(C)c2cc(Br)ccc21,906_Library_D
,
Cc1cc(F)ccc1C(O)C(=O)N1CCc2c([nH]c(=O)[nH]c2=O)C1,907_Library_D
,
Cc1cc(F)ccc1C(O)C(=O)N1CCc2c(ccnc2C(=O)O)C1,908_Library_D
,
Cc1cc(F)ccc1C(O)C(=O)N1CCc2c1ccc(Cl)c2Cl,909_Library_D
,
Cc1cc(F)ccc1C(O)C(=O)N1CCc2cccc(CO)c2C1,910_Library_D
,
Cc1cc(F)ccc1C(O)C(=O)N1CCc2nccc(Cl)c21,911_Library_D
,
Cc1cc(F)ccc1C(O)C(=O)NC(C)(C)c1nc2ccccc2o1,912_Library_D
,
Cc1cc(F)ccc1C(O)C(=O)NC(C)c1ccc[nH]c1=O,913_Library_D
,
Cc1cc(F)ccc1C(O)C(=O)NC(C)c1cccnn1,914_Library_D
,
Cc1cc(F)ccc1C(O)C(=O)NC(Cc1cc(Cl)ccn1)C(=O)O,915_Library_D
,
Cc1cc(F)ccc1C(O)C(=O)NC1COc2cc(F)cc(F)c21,916_Library_D
,
Cc1cc(F)ccc1C(O)C(=O)NCC(C)c1ccc(F)cn1,917_Library_D
,
Cc1cc(F)ccc1C(O)C(=O)NCCc1nccc(C(=O)O)n1,918_Library_D
,
Cc1cc(F)ccc1C(O)C(=O)NCc1cc(F)ccc1Cn1cccn1,919_Library_D
,
Cc1cc(F)ccc1C(O)C(=O)NCc1ccc2c(c1)OC(C)(C)O2,920_Library_D
,
Cc1cc(F)ccc1C(O)C(=O)NCc1cccc2nonc12,921_Library_D
,
Cc1cc(F)ccc1C(O)C(=O)NCc1ccccc1Cn1ccnc1,922_Library_D
,
Cc1cc(F)ccc1C(O)C(=O)Nc1cccc(-n2cc[nH]c2=O)c1,923_Library_D
,
Cc1cc(F)ccc1C(O)C(=O)Nc1cnc2cnn(C)c2c1,924_Library_D
,
Cc1cc(F)ccc1C1(C(=O)N(C)c2ccccc2CN)CC1,925_Library_D
,
Cc1cc(F)ccc1C1(C(=O)NCCn2ccc(=O)[nH]c2=O)CC1,926_Library_D
,
Cc1cc(F)ccc1C1(C(=O)NCc2ccnc(N3CCCC3)c2)CC1,927_Library_D
,
Cc1cc(F)ccc1C1(C(=O)Nc2snc3nccnc23)CC1,928_Library_D
,
Cc1cc(F)ccc1C1(C(=O)OCc2cc(OC(F)(F)F)cnc2N(C)C)CC1,929_Library_D
,
Cc1cc(F)ccc1C1C(=O)NCCN1c1ncnc2c1CCO2,930_Library_D
,
Cc1cc(F)ccc1CC(=O)N(C)c1ccc2ccccc2n1,931_Library_D
,
Cc1cc(F)ccc1CC(=O)N1CC2(CC2)c2ncccc21,932_Library_D
,
Cc1cc(F)ccc1CC(=O)N1CCC1(c1ccccc1F)C(F)(F)F,933_Library_D
,
Cc1cc(F)ccc1CC(=O)N1CCCCC(Nc2nnccc2C)C1,934_Library_D
,
Cc1cc(F)ccc1CC(=O)NC1(CNc2ccncn2)CCC1,935_Library_D
,
Cc1cc(F)ccc1CC(=O)NCc1ccc(CN2CC(C)OC(C)C2)cc1,936_Library_D
,
Cc1cc(F)ccc1CC(=O)NS(=O)(=O)c1cccc2c1CCCC2,937_Library_D
,
Cc1cc(F)ccc1CC1(C(=O)N2CCN(C)c3cc(F)ccc32)CC1,938_Library_D
,
Cc1cc(F)ccc1CC1(NC(=O)c2c(O)cnc3cc(F)ccc23)CC1,939_Library_D
,
Cc1cc(F)ccc1N(C)C(=O)N(C)C1CCN(c2ccccc2C)C1=O,940_Library_D
,
Cc1cc(F)ccc1N(C)C(=O)Nc1cnc(OC(F)F)c(C)c1,941_Library_D
,
Cc1cc(F)ccc1N(C)C(=O)Nc1ncncc1OCCC(C)C,942_Library_D
,
Cc1cc(F)ccc1NC(=O)c1cn(-c2ccccc2)[nH]c1=O,943_Library_D
,
Cc1cc(N(C)C(=O)C(C)(C)c2ccc(F)cn2)ccn1,944_Library_D
,
Cc1cc(N2CCC(NC(=O)c3c(O)cnc4cc(F)ccc34)C2)ncn1,945_Library_D
,
Cc1cc(N2CCOCC2)c(NC(=O)C(C)(N)c2ccc(F)cc2)c(C)n1,946_Library_D
,
Cc1cc(NC(=O)C(O)c2ccc(Cl)cc2Cl)cnc1S(C)(=O)=O,947_Library_D
,
Cc1cc(NC(=O)C(O)c2ccc(Cl)cc2Cl)n2ncnc2n1,948_Library_D
,
Cc1cc(NC(=O)N(c2ccc(F)cc2)C2CC2)[nH]c(=O)c1Br,949_Library_D
,
Cc1cc(NC(=O)N2CC(C)(C)Cc3cc(F)ccc32)c(F)cc1C#N,950_Library_D
,
Cc1cc(NC(=O)Nc2ccc(F)cn2)c[nH]c1=O,951_Library_D
,
Cc1cc(NC(=O)c2ncc3cc(Br)ccn23)cnc1C(=O)O,952_Library_D
,
Cc1cc(SCC(=O)Nc2ccc(F)cc2)nc(CC2CC2)n1,953_Library_D
,
Cc1cc2[nH]c(=O)n(CC(=O)Nc3ccc(F)cn3)c(=O)c2o1,954_Library_D
,
Cc1cc2c(c(=O)[nH]1)CCCN2C(=O)c1ncc2cc(Cl)ccn12,955_Library_D
,
Cc1cc2cc(Br)ccc2c(C(=O)NCc2ccnc(OCCO)c2)n1,956_Library_D
,
Cc1cc2ccc(NC(=O)C(CO)NC(=O)C(C)c3ccc(F)cc3)cc2[nH]1,957_Library_D
,
Cc1cc2ccccc2nc1C(=O)N1CC(=O)N(C)c2cc(Br)ccc21,958_Library_D
,
Cc1cc2nc(=O)c(C(=O)NC=C3C(=O)Nc4ccc(Cl)cc43)cn2[nH]1,959_Library_D
,
Cc1ccc(-c2nnc[nH]2)cc1NC(=O)C1CC(=O)Nc2cc(F)ccc21,960_Library_D
,
Cc1ccc(-n2ccc(CC(=O)Nc3ncc(Cl)cc3O)n2)cc1,961_Library_D
,
Cc1ccc(-n2ncc(NC(=O)C(CC(F)F)c3ccc(F)cc3)c2C)cc1,962_Library_D
,
Cc1ccc(=O)n(CC(=O)N2CC(=O)N(C)c3cc(Br)ccc32)n1,963_Library_D
,
Cc1ccc(C(C#N)C(=O)C(C#N)c2ncc(F)cc2F)nc1,964_Library_D
,
Cc1ccc(C(C)(CO)NC(=O)C2(c3ccc(F)cc3F)CC2)cc1C,965_Library_D
,
Cc1ccc(C(C)C)cc1OCC(=O)N1CCc2cc(F)cnc21,966_Library_D
,
Cc1ccc(C(CNC(=O)C2(c3ccc(Cl)cc3F)CC2)N(C)C)cc1,967_Library_D
,
Cc1ccc(C)c(C(CO)NC(=O)c2cnn3cc(Cl)cnc23)c1,968_Library_D
,
Cc1ccc(C2(C(C)NC(=O)Nc3ncc(F)cc3C)CC2)cc1,969_Library_D
,
Cc1ccc(C23CC2CN(C(=O)Cc2ccc(Br)cn2)C3)cc1,970_Library_D
,
Cc1ccc(CCC(=O)N2CCc3cc(F)cnc32)cc1Br,971_Library_D
,
Cc1ccc(CCNC(=O)c2c(O)cnc3cc(F)ccc23)cc1,972_Library_D
,
Cc1ccc(CN(C(=O)C(O)c2ccc(F)cc2F)C2CC2)cc1,973_Library_D
,
Cc1ccc(F)c(-n2cc(C(=O)Nc3ccc(F)cc3OCc3ccncc3)nn2)c1,974_Library_D
,
Cc1ccc(F)c2c1CCN(C(=O)C(C)(N)c1ccc(Cl)cc1)C2,975_Library_D
,
Cc1ccc(N(C)C(=O)C(CCl)c2ccc(F)cc2)cn1,976_Library_D
,
Cc1ccc(NC(=O)C(C)(C)c2ccc(F)cn2)cc1N1CCNC1=O,977_Library_D
,
Cc1ccc(O)c(CNC(=O)Cc2ccc(F)cc2F)n1,978_Library_D
,
Cc1ccc(O)c(CNC(=O)c2c(O)cnc3cc(F)ccc23)n1,979_Library_D
,
Cc1ccc(S(=O)(=O)CCNC(=O)C(O)c2ccc(Cl)cc2Cl)cc1,980_Library_D
,
Cc1ccc2c(C(=O)N3CCCNc4cc(F)ccc43)coc2c1,981_Library_D
,
Cc1ccc2c(N3CCN(c4ccc(F)cc4F)C(=O)C3)ccnc2n1,982_Library_D
,
Cc1ccc2c(c1)C(OC(=O)c1cnn3cc(F)cnc13)CC(C)O2,983_Library_D
,
Cc1ccc2c(c1)CN(C(=O)Cc1ccc(Cl)cn1)CCO2,984_Library_D
,
Cc1ccc2c(c1)CN(C(=O)c1c(O)cnc3cc(F)ccc13)CCO2,985_Library_D
,
Cc1ccc2c(c1CO)CCCN2C(=O)Cc1ccc(F)cn1,986_Library_D
,
Cc1ccc2c(c1CO)CCCN2CC(=O)Nc1ccc(F)cn1,987_Library_D
,
Cc1ccc2c(n1)N(C(=O)C(O)c1ccc(Cl)cc1F)CCC2,988_Library_D
,
Cc1ccc2cc(NC(=O)c3c(O)cnc4cc(F)ccc34)cnc2c1,989_Library_D
,
Cc1ccc2cccnc2c1C(=O)N1CC(C)(C)c2cc(Br)cnc21,990_Library_D
,
Cc1ccc2ncc(C(=O)Nc3ccc(F)cc3-c3nnc[nH]3)c(=O)n2c1,991_Library_D
,
Cc1ccc2nsnc2c1NC(=O)C(C)c1ccc(F)cc1F,992_Library_D
,
Cc1cccc(C(C)C)c1NC(=O)Cc1ccc(F)cc1F,993_Library_D
,
Cc1cccc(C)c1CN(C)C1CCN(c2ccc(Cl)cc2)C1=O,994_Library_D
,
Cc1cccc(C2C(C)CN2C(=O)C(O)c2ccc(Cl)cc2F)c1,995_Library_D
,
Cc1cccc(C2C(C)CN2C(=O)c2c(O)cnc3cc(F)ccc23)c1,996_Library_D
,
Cc1cccc(CN(CC2CC2)C(=O)N(C)c2ccc(Cl)cn2)c1,997_Library_D
,
Cc1cccc(CNC(C)C(=O)Nc2nnc(Cl)cc2C)n1,998_Library_D
,
Cc1cccc(NC(=O)Nc2ccc(Cl)cc2C(=O)NC2CCn3ncnc3C2)n1,999_Library_D
,
Cc1cccc(S(C)(=O)=NC(=O)C2(c3ccc(F)cc3)CC2)c1,1000_Library_D
,
Cc1cccc2c1C(=O)NCCN2C(=O)c1nnn2cc(Br)ccc12,1001_Library_D
,
Cc1cccc2nc(C(=O)N3CC(=O)N(C)c4cc(F)ccc43)cn12,1002_Library_D
,
Cc1ccccc1-n1nccc1NC(=O)c1c(O)cnc2cc(F)ccc12,1003_Library_D
,
Cc1ccccc1N(CC(=O)O)C(=O)C(C)(C)c1ccc(F)cn1,1004_Library_D
,
Cc1ccccc1S(C)(=O)=NC(=O)c1ccnc2cc(Cl)ccc12,1005_Library_D
,
Cc1cccn(CC(=O)N(Cc2ccco2)c2ccc(Cl)cc2)c1=O,1006_Library_D
,
Cc1cccn2c(C(=O)N3c4ccc(Br)cc4CC3CO)cnc12,1007_Library_D
,
Cc1cccnc1C(F)(F)C(=O)Nc1ccc(Cl)cc1-c1nn[nH]n1,1008_Library_D
,
Cc1cccnc1C1CCN(C(=O)c2cnn3cc(Cl)cnc23)CC1,1009_Library_D
,
Cc1cccnc1CNC(=O)C(C)(C)c1ccc(Br)cn1,1010_Library_D
,
Cc1cccnc1N(C)C(=O)C(CC(=O)N(C)C)c1ccc(F)cc1,1011_Library_D
,
Cc1ccn(-c2ccccc2CNC(=O)N(C)c2ccc(F)cc2Cl)n1,1012_Library_D
,
Cc1ccn2c(C(=O)N3CC(C(N)=O)Cc4cc(Br)ccc43)nnc2c1,1013_Library_D
,
Cc1ccn2c(C(=O)Nc3cnc(Cl)nc3N(C)C)nnc2c1C,1014_Library_D
,
Cc1ccn2c(C(=O)OC(C)C(=O)Nc3ccc(F)cc3F)nnc2c1,1015_Library_D
,
Cc1ccn2c(C(=O)OCC(=O)C3Cc4cc(Cl)ccc43)nnc2c1,1016_Library_D
,
Cc1ccn2c(NC(=O)c3c(Cl)nc4cc(Cl)ccn34)cnc2c1C,1017_Library_D
,
Cc1ccn2cc(CNC(=O)C3(c4ccc(Br)cn4)CCC3)nc2n1,1018_Library_D
,
Cc1ccnc(-n2ccc(NC(=O)C3(N)CCc4cc(Br)ccc43)n2)n1,1019_Library_D
,
Cc1ccnc(C(C)(C)CNC(=O)N(CCC#N)c2ccc(F)cc2)n1,1020_Library_D
,
Cc1ccnc(C(C)(C)CNC(=O)c2ccnc3cc(Br)ccc23)c1,1021_Library_D
,
Cc1ccnc(C(C)(C)CNC(=O)c2cncc3cc(F)ccc23)n1,1022_Library_D
,
Cc1ccnc(C(C)(C)NC(=O)c2c(Cl)nc3cc(Cl)ccn23)n1,1023_Library_D
,
Cc1ccnc(C(C)C)c1NC(=O)C(F)(F)c1ncc(Br)cn1,1024_Library_D
,
Cc1ccnc(S(=O)(=O)NC(=O)C(C)(C)c2ccc(F)cn2)c1,1025_Library_D
,
Cc1ccnc2c1CN(C(=O)C1(c3ccc(F)cn3)CCOCC1)C2,1026_Library_D
,
Cc1ccnc2c1NC(=O)CN2C(=O)C1(c2ccc(Cl)cc2Cl)CCC1,1027_Library_D
,
Cc1ccnc2nc(C(=O)N3CC(C)c4cc(Cl)ccc43)nn12,1028_Library_D
,
Cc1ccncc1C1CCN(C(=O)C(C)c2ccc(F)cc2F)C1,1029_Library_D
,
Cc1ccncc1C1CCN(C(=O)C(F)(F)c2ccc(F)cc2F)C1,1030_Library_D
,
Cc1ccnnc1C(=O)NC1CCN(c2ccc(Cl)cc2)C1=O,1031_Library_D
,
Cc1ccnnc1COC(=O)C(c1ccc(F)cc1F)C1CC1,1032_Library_D
,
Cc1ccnnc1COC(=O)Cc1ccc(Cl)cc1F,1033_Library_D
,
Cc1ccnnc1COC(=O)c1c(C)nc2cc(Cl)ccn12,1034_Library_D
,
Cc1cn2c(=O)cc(COC(=O)Cc3ccc(Cl)cn3)nc2s1,1035_Library_D
,
Cc1cn2nc(C(=O)OCC(=O)Nc3ccc(F)cn3)cc(C)c2n1,1036_Library_D
,
Cc1cnc(C)c(NC(=O)C(CC(F)F)c2ccc(F)cc2)c1,1037_Library_D
,
Cc1cnc(CC(=O)N2CCN(c3ccc(Cl)cc3Cl)C(=O)C2)cn1,1038_Library_D
,
Cc1cnc(CCNC(=O)C(N)c2ccc(F)cc2Br)nc1C,1039_Library_D
,
Cc1cnc(CN(C)C(=O)C(F)(F)c2ccc(Br)cn2)cn1,1040_Library_D
,
Cc1cnc(CN(C)C(=O)c2ccc(C(=O)O)c3cc(F)ccc23)cn1,1041_Library_D
,
Cc1cnc(NC(=O)C(C)(C)c2ccc(F)cn2)nc1-c1ccccc1,1042_Library_D
,
Cc1cnc(NC(=O)Cc2ccc(F)cc2F)c(C)c1,1043_Library_D
,
Cc1cnc2c(c1)N(C(=O)C(F)(F)c1ccc(F)cc1F)CCN2C,1044_Library_D
,
Cc1cnc2c(c1)N(C(=O)c1c(O)cnc3cc(F)ccc13)CCN2C,1045_Library_D
,
Cc1cncc(CCC(=O)N(c2ccc(Br)cc2)C2CCC2)c1,1046_Library_D
,
Cc1cncc(CCC(=O)N2c3ccc(F)cc3C(C)(C)C2C)c1,1047_Library_D
,
Cc1cncc(NC(C)CNC(=O)C2(c3ccc(Cl)cc3)CC(F)(F)C2)n1,1048_Library_D
,
Cc1cnn(CC(=O)Nc2nnc(Cl)cc2O)c(=O)c1C(=O)O,1049_Library_D
,
Cc1nc(-c2cccc(NC(=O)Nc3ccc(F)cc3OC(C)C)c2)co1,1050_Library_D
,
Cc1nc(=O)c(CCC(=O)Nc2ccc(Br)cn2)c[nH]1,1051_Library_D
,
Cc1nc(=O)c(CCC(=O)Nc2ccc(F)cc2-c2cnn(C)c2)c[nH]1,1052_Library_D
,
Cc1nc(=O)c2c([nH]1)CN(CC(=O)Nc1ccc(F)cn1)C2,1053_Library_D
,
Cc1nc(=O)c2nc(C(=O)NC3CCN(c4ccc(Cl)cc4)C3=O)ccc2[nH]1,1054_Library_D
,
Cc1nc(=O)cc(C(=O)NC2CCN(c3ccc(Cl)cc3)C2=O)[nH]1,1055_Library_D
,
Cc1nc(Br)cnc1N(C)C(=O)C1CCCc2ncccc21,1056_Library_D
,
Cc1nc(Br)cnc1N(C)C(=O)C1CNCC1c1cc(F)cc(F)c1,1057_Library_D
,
Cc1nc(Br)cnc1N(C)C(=O)COc1cccc(F)c1,1058_Library_D
,
Cc1nc(Br)cnc1N(C)C(=O)c1c(-c2cccc(F)c2)noc1C,1059_Library_D
,
Cc1nc(Br)cnc1NC(=O)C(C)(C)c1ccc(C#N)c(F)c1,1060_Library_D
,
Cc1nc(Br)cnc1NC(=O)C(C)c1ccccn1,1061_Library_D
,
Cc1nc(Br)cnc1NC(=O)C(C)n1ccc2ccccc2c1=O,1062_Library_D
,
Cc1nc(Br)cnc1NC(=O)C(OC1CCOCC1)c1ccccc1,1063_Library_D
,
Cc1nc(Br)cnc1NC(=O)C1Cc2ncc(Br)nc2C1,1064_Library_D
,
Cc1nc(Br)cnc1NC(=O)CC(c1ccccc1)n1ccnn1,1065_Library_D
,
Cc1nc(Br)cnc1NC(=O)N1CCC(c2ccncn2)C1,1066_Library_D
,
Cc1nc(Br)cnc1NC(=O)N1CCC(n2ccc(=O)[nH]c2=O)CC1,1067_Library_D
,
Cc1nc(Br)cnc1NC(=O)NCc1ccnc(N2CCCC2)c1,1068_Library_D
,
Cc1nc(Br)cnc1NC(=O)c1ccn2ccccc12,1069_Library_D
,
Cc1nc(N2CCCCC2)ccc1NC(=O)C(CC(F)F)c1ccc(F)cc1,1070_Library_D
,
Cc1nc2c(N(C)CC(=O)Nc3ccc(F)cn3)nccc2n1C,1071_Library_D
,
Cc1nc2c(c(C)nn2C)c(C)c1CC(=O)N(C)CC(=O)Nc1ccc(F)cc1,1072_Library_D
,
Cc1nc2c(c(C)nn2C)c(C)c1CCC(=O)Nc1ccc(F)cc1C1CC1,1073_Library_D
,
Cc1nc2cc(F)ccc2c(C(=O)N2CCc3nccc(N)c3C2)c1C,1074_Library_D
,
Cc1nc2cc(F)ccc2cc1C(=O)NCC(=O)Nc1ccc(Cl)cn1,1075_Library_D
,
Cc1nc2ccc(C(=O)NC3CCN(c4ccc(Cl)cc4)C3=O)cn2n1,1076_Library_D
,
Cc1nc2ccc(NC(=O)N3CCCN(C)c4cc(Cl)ccc43)cc2[nH]1,1077_Library_D
,
Cc1nc2ccc(NC3CCN(c4ccc(F)cc4F)C3=O)cc2s1,1078_Library_D
,
Cc1nc2ccc(O)cc2cc1C(=O)Nc1ccc(Cl)cc1CO,1079_Library_D
,
Cc1ncc(-c2cc(F)ccc2NC(=O)NCCc2nccc(C(F)F)n2)o1,1080_Library_D
,
Cc1nccn1-c1cc(F)ccc1NC(=O)CCc1coc2ccccc12,1081_Library_D
,
Cc1nccnc1C(C)N1CCN(c2ccc(F)cc2F)C(=O)C1,1082_Library_D
,
Cc1nccnc1C(C)NC(=O)C(CC(F)(F)F)c1ccc(F)cc1,1083_Library_D
,
Cc1nccnc1C(C)OC(=O)Cc1ccc(F)cc1OC(F)F,1084_Library_D
,
Cc1nccnc1CNC(=O)C(CC(F)(F)F)c1ccc(F)cc1,1085_Library_D
,
Cc1nccnc1CNC(=O)C1(c2ccc(Br)cn2)CCC1,1086_Library_D
,
Cc1ncnc2c1CC(C(=O)Nc1ccc(F)cc1N1CCC(C)CC1)CC2,1087_Library_D
,
Cc1ncnc2c1CN(CC(=O)N1CCOc3cc(F)ccc31)CC2,1088_Library_D
,
Cc1ncncc1C(=O)N1CCCC(C(=O)Nc2ccc(Cl)cn2)C1,1089_Library_D
,
Cc1ncncc1C(C)NC(=O)C(CCO)c1ccc(Cl)cc1,1090_Library_D
,
Cc1ncnn1-c1ccc(NC(=O)C2(c3ccc(F)cn3)CC2)cc1,1091_Library_D
,
Cc1ncnn1-c1ccc(NC(=O)C2Cc3cc(Cl)ccc32)cc1,1092_Library_D
,
Cc1ncnn1-c1ccc(NC(=O)N(C)c2ccc(F)cc2)cc1,1093_Library_D
,
Cc1nn(-c2ccccn2)c(C)c1NC(=O)c1ncn2cc(Cl)ccc12,1094_Library_D
,
Cc1nn(C)c(=O)n(CC(=O)Nc2ccc(F)cc2F)c1=O,1095_Library_D
,
Cc1nn(Cc2ccccc2)c(N)c1C(=O)N(CC(C)C)c1ccc(F)cc1,1096_Library_D
,
Cc1nn2cc(Br)cnc2c1C(=O)NCC1(C)COc2ccccc2O1,1097_Library_D
,
Cc1nn2cc(F)ccc2c1C(=O)OCc1cccc2c1CCC2,1098_Library_D
,
Cc1nn2cccnc2c1NC(=O)C(F)c1ccc(F)cc1,1099_Library_D
,
Cc1nn2cccnc2c1NC(=O)c1c(O)cnc2cc(F)ccc12,1100_Library_D
,
Cc1nnc(-c2ccc(NC(=O)c3noc4cc(F)ccc34)cc2)o1,1101_Library_D
,
Cc1nnc(-c2cccc(CNC(=O)Cc3ccc(Cl)cc3F)c2)[nH]1,1102_Library_D
,
Cc1nnc(NCC(C)NC(=O)C(C)c2ccc(F)cc2F)nc1C,1103_Library_D
,
Cc1nnc2c(C(=O)NC(C)C(=O)Nc3ccc(F)cc3)cccn12,1104_Library_D
,
Cc1nnc2ccc(C(=O)N3CCN(c4ccc(F)cc4F)C(=O)C3)cn12,1105_Library_D
,
Cc1nnc2ccc(C(=O)OC3CCN(c4ccc(Cl)cc4)C3=O)cn12,1106_Library_D
,
Cc1nnc2n[nH]c(NC(=O)C3(c4ccc(Cl)cc4)CC(F)(F)C3)c2c1C,1107_Library_D
,
Cc1nnnn1-c1ccc(C(=O)NC2CCCN(c3ccc(F)cc3)C2=O)cc1,1108_Library_D
,
Cc1nnnn1C(C(=O)Nc1ccc(F)cc1)c1ccccc1,1109_Library_D
,
Cc1noc2cc(NC(=O)C3(N)CCc4cc(F)ccc43)ccc12,1110_Library_D
,
Cn1c(=O)oc2cc(COC(=O)C(C)(C)c3ccc(Br)cn3)ccc21,1111_Library_D
,
Cn1c(C(=O)O)c(NC(=O)Cc2ccc(F)cc2F)c2ccccc21,1112_Library_D
,
Cn1c(CNC(=O)c2cc(=O)[nH]c3cc(F)ccc23)nc2ccccc21,1113_Library_D
,
Cn1c(NC(=O)C(CCO)c2ccc(F)cc2)nc2ccccc21,1114_Library_D
,
Cn1c(NC(=O)C2(c3ccc(Br)cn3)CCC2)cc2ccccc21,1115_Library_D
,
Cn1cc(-c2cc(F)ccc2NC(=O)NCc2cc(Br)c[nH]c2=O)cn1,1116_Library_D
,
Cn1cc(Br)c2ncn(CC(=O)Cc3ccc(F)cc3F)c(=O)c21,1117_Library_D
,
Cn1cc(C(=O)C(C#N)c2ncc(F)cc2F)c2ccccc2c1=O,1118_Library_D
,
Cn1cc(C(=O)N(CCC#N)c2ccc(F)cc2F)c2cc(F)ccc21,1119_Library_D
,
Cn1cc(C(=O)NCc2nc3ccncc3n2C)c2ccc(Cl)cc21,1120_Library_D
,
Cn1cc(C(=O)Nc2ncc3c(n2)COCC3)c2ncc(Br)cc21,1121_Library_D
,
Cn1cc(Cl)cc1CNC(=O)c1ccc(CNC(=O)Nc2ccc(Cl)cc2)cc1,1122_Library_D
,
Cn1cc(NC(=O)CNC(=O)Nc2ccc(F)cc2)c(=O)c2cnn(C)c21,1123_Library_D
,
Cn1cc(NC(=O)N(CCN2CCOCC2)c2ccc(Cl)cc2)c(=O)[nH]c1=O,1124_Library_D
,
Cn1cc2cc(NC(=O)C(C)(C)c3ccc(F)cn3)ccc2n1,1125_Library_D
,
Cn1cc2cc(NC(=O)C(CC(F)(F)F)c3ccc(F)cc3)ccc2n1,1126_Library_D
,
Cn1cc2ccc(NC(=O)C(N)c3ccc(F)cc3F)cc2n1,1127_Library_D
,
Cn1ccn2c(CNC(=O)C(CO)c3ccc(F)cc3)nnc2c1=O,1128_Library_D
,
Cn1ccn2ncc(COC(=O)C(CC(F)(F)F)c3ccc(F)cc3)c2c1=O,1129_Library_D
,
Cn1ccnc1C(NC(=O)C(O)c1ccc(F)cc1)c1ccc(F)cc1,1130_Library_D
,
Cn1cnc2c(N3CC(C)(NC(=O)C(O)c4ccc(Cl)cc4)C3)ncnc21,1131_Library_D
,
Cn1nc(C(=O)NC2CCN(c3ccc(Cl)cc3)C2=O)c2[nH]cnc(=O)c21,1132_Library_D
,
Cn1ncc2c(=O)n(CC(=O)OCC(=O)Nc3ccc(F)cn3)cnc21,1133_Library_D
,
Cn1ncc2c(COC(=O)Cc3ccc(F)cn3)cccc21,1134_Library_D
,
Cn1ncc2c(c1=O)CCN(C(=O)C(C)(C)c1ccc(F)cc1F)C2,1135_Library_D
,
Cn1ncc2c(c1=O)CCN(C(=O)Cc1ccc(F)cn1)C2,1136_Library_D
,
Cn1nnc2cc(CNC(=O)c3[nH]nc4cc(F)ccc34)ccc21,1137_Library_D
,
Cn1nnc2cc(COC(=O)c3nnc4cc(Cl)ccn34)ccc21,1138_Library_D
,
N#CC(C(=O)C1CC1c1ccccc1)c1ncc(Br)cn1,1139_Library_D
,
N#CC(C(=O)CCCc1ccc(Cl)nn1)c1ncc(F)cc1F,1140_Library_D
,
N#CC(C(=O)c1ccnc2nccnc12)c1ncc(F)cc1F,1141_Library_D
,
N#CC(C(=O)c1cnn2cc[nH]c(=O)c12)c1ccc(F)cc1,1142_Library_D
,
N#CC1(c2ccccc2)CC(NC(=O)c2coc3cc(F)ccc23)C1,1143_Library_D
,
N#CC1CN(C(=O)Cc2ccc(Br)cn2)CC1c1ccccc1,1144_Library_D
,
N#CCC(C(=O)NCc1cccc(C#N)n1)c1ccc(Cl)cc1,1145_Library_D
,
N#CCCN(C(=O)C(CC#N)c1ccccn1)c1ccc(F)cc1,1146_Library_D
,
N#CCCN(C(=O)C1(c2ccc(Br)cn2)CCC1)c1ccncn1,1147_Library_D
,
N#CCCN(C(=O)c1nnc2c(F)cccn12)c1ccc(F)cc1,1148_Library_D
,
N#CCOc1cc(F)ccc1NC(=O)NCC1SCCc2ccccc21,1149_Library_D
,
N#CCOc1cc(F)ccc1NC(=O)NCc1cccc2c1CCCC2,1150_Library_D
,
N#CCOc1cc(F)ccc1NC(=O)c1cnn2c(C(F)F)cc(Cl)nc12,1151_Library_D
,
N#CCn1cc(NC(=O)Cc2ccc(Br)cc2F)ccc1=O,1152_Library_D
,
N#Cc1c(F)cccc1-n1cnc(C(=O)Nc2ccc(F)cc2F)c1,1153_Library_D
,
N#Cc1cc(Br)ccc1CC(=O)Nc1cncc2c1CCCC2,1154_Library_D
,
N#Cc1cc(Br)cnc1NC(=O)c1ccc2ccccn12,1155_Library_D
,
N#Cc1cc(Cl)ccc1NC(=O)N1CCCc2cccc(F)c21,1156_Library_D
,
N#Cc1cc(Cl)ccc1NC(=O)NCc1ccc(-c2ocnc2CO)cc1,1157_Library_D
,
N#Cc1cc(F)ccc1CC(=O)N1CCOc2cccnc2C1,1158_Library_D
,
N#Cc1cc(NC2CCN(c3ccc(F)cc3)C2=O)ccn1,1159_Library_D
,
N#Cc1cc2cccnc2nc1NC1CCN(c2ccc(F)cc2F)C1=O,1160_Library_D
,
N#Cc1ccc(C(O)C(=O)OCC(=O)Cc2ccc(F)cc2)cc1,1161_Library_D
,
N#Cc1ccc(C2CC(NC(=O)N3CCOc4cc(Br)cnc43)C2)cc1,1162_Library_D
,
N#Cc1ccc(CS(=O)CC(=O)Nc2ccc(Cl)cc2-n2cncn2)cc1,1163_Library_D
,
N#Cc1ccc2c(c1)OCCN2C(=O)C(CO)c1ccc(F)cc1,1164_Library_D
,
N#Cc1ccc2c(n1)CCN(C(=O)C1(N)CCc3cc(Br)ccc31)C2,1165_Library_D
,
N#Cc1cccc(-c2n[nH]cc2C(=O)Nc2ncc(F)cc2Cl)c1,1166_Library_D
,
N#Cc1ccccc1N1CCN(C(=O)C(CC(F)F)c2ccc(F)cc2)CC1,1167_Library_D
,
N#Cc1ccnc(C(=O)N2CCCC2C(=O)Nc2ccc(F)cc2)c1,1168_Library_D
,
NC(=O)CC(C(=O)N1CCC(N)c2ccccc21)c1ccc(F)cc1,1169_Library_D
,
NC(=O)CSc1ccccc1NC(=O)C1(c2ccc(F)cn2)CC1,1170_Library_D
,
NC(=O)N1CCCc2c(NC(=O)C(CC(F)(F)F)c3ccc(F)cc3)cccc21,1171_Library_D
,
NC(=O)c1cc(F)cc(C(=O)NC2CCN(c3ccc(Cl)cc3)C2=O)c1,1172_Library_D
,
NC(=O)c1cc(F)ccc1NC(=O)C1(Cc2cccnc2)CC1,1173_Library_D
,
NC(=O)c1cc(F)ccc1NC(=O)C1(c2ccncc2)CC2(CCC2)C1,1174_Library_D
,
NC(=O)c1cc(NC(=O)C(F)c2ccc(Cl)cc2)ccc1C1CC1,1175_Library_D
,
NC(=O)c1cc2c([nH]c1=O)CCN(C(=O)C(N)c1ccc(F)cc1F)C2,1176_Library_D
,
NC(C(=O)N1CCCC(C(O)c2cccc(Cl)c2)C1)c1ccc(F)cc1,1177_Library_D
,
NC(C(=O)N1Cc2cccc3c2C(CCC3)C1)c1ccc(F)cc1,1178_Library_D
,
NC(C(=O)NCCc1cc(O)cc(F)c1)c1ccc(Br)cc1F,1179_Library_D
,
NC1(C(=O)NCc2ccc3cc(F)c(F)cc3n2)CCc2cc(F)ccc21,1180_Library_D
,
NC1(C(=O)NCc2cccc(OC(F)F)n2)CCc2cc(Br)ccc21,1181_Library_D
,
NC1(C(=O)Nc2ccc(C3CCC3)cn2)CCc2cc(Br)ccc21,1182_Library_D
,
NCC1Cc2cc(F)ccc2N(C(=O)Cc2noc3cc(F)ccc23)C1,1183_Library_D
,
NCC1Cc2cc(F)ccc2N(C(=O)NCCc2ccncn2)C1,1184_Library_D
,
NCC1Cc2cc(F)ccc2N(C(=O)NCc2cccnn2)C1,1185_Library_D
,
NCC1Cc2cc(F)ccc2N(C(=O)c2cnnn2-c2ccccc2)C1,1186_Library_D
,
NCC1c2ccccc2CCN1C(=O)c1ccnc2cc(F)ccc12,1187_Library_D
,
NCc1ccc2c(c1)OCCN2C(=O)C1(c2ccc(Cl)cc2Cl)CC(F)(F)C1,1188_Library_D
,
NS(=O)(=O)c1ccc2c(c1)CCCN2C(=O)Cc1ccc(F)cn1,1189_Library_D
,
Nc1cc(=O)n2nc(CNC(=O)C(O)c3ccc(F)cc3)sc2n1,1190_Library_D
,
Nc1cc(C(=O)N2CC(=O)Nc3ccc(Cl)cc32)ncc1F,1191_Library_D
,
Nc1ccnn1-c1ccccc1C(=O)OCC(=O)Cc1ccc(F)cc1F,1192_Library_D
,
Nc1cncc(CC(=O)Nc2ccc(F)cc2OC2CCCCC2)c1,1193_Library_D
,
Nc1nc(=O)cc(C2CN(C(=O)C(CC(F)(F)F)c3ccc(F)cc3)C2)[nH]1,1194_Library_D
,
Nc1nc(N)c2cc(N3CCN(c4ccc(Cl)cc4Cl)C(=O)C3)ncc2n1,1195_Library_D
,
Nc1ncnc2c1ncn2CC(=O)Nc1ccc(F)cc1N1CCOCC1,1196_Library_D
,
O=C(C(CC(F)(F)F)c1ccc(F)cc1)N1CCN(c2ccncn2)CC1,1197_Library_D
,
O=C(C(CC(F)(F)F)c1ccc(F)cc1)N1CCN(c2ncccn2)C(=O)C1,1198_Library_D
,
O=C(C(CC(F)F)c1ccc(F)cc1)N1CC(CO)C(c2cccnc2)C1,1199_Library_D
,
O=C(C(CO)c1ccc(Cl)cc1)N1CC(O)(C(F)(F)F)c2cccnc21,1200_Library_D
,
O=C(C(CO)c1ccc(Cl)cc1)N1CC(c2ccccc2F)C1,1201_Library_D
,
O=C(C(CO)c1ccc(Cl)cc1)N1CCC(F)(c2ccccn2)CC1,1202_Library_D
,
O=C(C(CO)c1ccc(Cl)cc1)N1CCC2(C1)OCCc1ccccc12,1203_Library_D
,
O=C(C(CO)c1ccc(F)cc1)N1CCC(O)(c2cccc(F)c2)CC1,1204_Library_D
,
O=C(C(CO)c1ccc(F)cc1)N1CCC(c2ccc3nncn3n2)CC1,1205_Library_D
,
O=C(C(CO)c1ccc(F)cc1)N1CCC(c2ccccc2)S1(=O)=O,1206_Library_D
,
O=C(C(CO)c1ccc(F)cc1)N1CCCC1c1cc2c(cc1Cl)OCO2,1207_Library_D
,
O=C(C(CO)c1ccc(F)cc1)N1Cc2nccc(Cl)c2C1,1208_Library_D
,
O=C(C(F)c1ccc(F)cc1)N1CC(F)(c2ccccn2)C1,1209_Library_D
,
O=C(C(F)c1ccc(F)cc1)N1CCC(c2ncccc2F)CC1,1210_Library_D
,
O=C(C(O)c1ccc(Cl)cc1F)N(CC(O)c1ccncc1)C1CC1,1211_Library_D
,
O=C(C1CC(O)(c2cccnc2)C1)N1CCC(O)c2cc(Cl)ccc21,1212_Library_D
,
O=C(C1CCc2cc(Cl)ccc21)N1CCCC(Oc2ccc(Cl)cn2)C1,1213_Library_D
,
O=C(C1CCc2cc(F)ccc21)N1CC(O)(c2ccccc2F)C1,1214_Library_D
,
O=C(C1Cc2nccnc2C1)N(Cc1ccccc1)c1ccc(F)cc1,1215_Library_D
,
O=C(C1Cc2nccnc2C1)N(c1ccc(F)cc1)C1CCC1,1216_Library_D
,
O=C(CC(O)c1cc(F)cc(Cl)c1)Nc1ccc(F)cn1,1217_Library_D
,
O=C(CC1(Sc2ccccc2)CCC1)Nc1ncc(Cl)cc1O,1218_Library_D
,
O=C(CC1CC1Cc1ccccc1)Nc1nnc(Cl)cc1N1CCOCC1,1219_Library_D
,
O=C(CC1CCc2ccccc2C1=O)Nc1ccc(Cl)cc1CO,1220_Library_D
,
O=C(CC1Cc2ccccc2CN1)Nc1ncc(F)cc1C(F)F,1221_Library_D
,
O=C(CCOc1ccc2c(c1)CCOC2)N1CCc2cc(F)cnc21,1222_Library_D
,
O=C(CCc1ccc2c(c1)COCC2)Nc1ncc(F)cc1Cl,1223_Library_D
,
O=C(CCc1cccc2c1OCO2)N1CCc2cc(F)cnc21,1224_Library_D
,
O=C(CCc1ncc(F)cn1)Nc1cnc(Cl)cn1,1225_Library_D
,
O=C(CN1CC(CO)C(c2ccccc2)C1)Nc1ccc(F)cn1,1226_Library_D
,
O=C(CN1CCOc2ccccc2C1C(F)F)Nc1ccc(Cl)cn1,1227_Library_D
,
O=C(CNC(=O)c1ccc2ocnc2n1)Cc1ccc(Br)cc1,1228_Library_D
,
O=C(CNC(=O)c1cccc(C2(F)CNC2)c1)Cc1ccc(F)cc1,1229_Library_D
,
O=C(CNC(=O)c1coc2cc(F)ccc12)c1ccc(F)cc1F,1230_Library_D
,
O=C(CNC(CO)(c1ccccc1)C(F)(F)F)Nc1ccc(F)cc1F,1231_Library_D
,
O=C(CNCc1ccnc(C(F)F)c1)Nc1ccc(F)cc1F,1232_Library_D
,
O=C(CNS(=O)(=O)c1cc(Cl)cc(Cl)c1)Nc1ccc(F)cn1,1233_Library_D
,
O=C(CNc1ncnc2[nH]c(Cl)cc12)Nc1ccc(F)cn1,1234_Library_D
,
O=C(COC(=O)C1(c2ccccc2F)CC(F)(F)C1)Nc1ccc(F)cn1,1235_Library_D
,
O=C(COC(=O)Cc1ccc2c(c1)CCCO2)Cc1ccc(F)cc1F,1236_Library_D
,
O=C(COC(=O)c1cc2c(cn1)OCCC2)Cc1ccc(Cl)cc1,1237_Library_D
,
O=C(COC(=O)c1cc2ccoc2cc1F)Cc1ccc(F)cc1F,1238_Library_D
,
O=C(COC(=O)c1ccc2c(c1)COCCN2)Nc1ccc(Br)cc1,1239_Library_D
,
O=C(COC(=O)c1ccc2cccnn12)Cc1ccc(F)cc1F,1240_Library_D
,
O=C(COC(=O)c1cccc2c1COCC2)Cc1ccc(F)cc1F,1241_Library_D
,
O=C(COC(=O)c1ncnc2c1CCC2)Cc1ccc(F)cc1F,1242_Library_D
,
O=C(COc1ccccn1)Nc1ccc(F)cc1-n1ccnc1,1243_Library_D
,
O=C(CS(=O)(=O)c1ccc(OC(F)F)cc1F)Nc1ccc(F)cc1,1244_Library_D
,
O=C(CS(=O)Cc1nc(=O)cc[nH]1)Nc1ccc(F)cc1,1245_Library_D
,
O=C(CSCc1cc(=O)n2ccsc2n1)Nc1ccc(F)cn1,1246_Library_D
,
O=C(CSCc1ccc(-c2nn[nH]n2)cc1F)Nc1ccc(Cl)cn1,1247_Library_D
,
O=C(Cc1cc(Cl)c2c(c1)OCO2)Nc1ccc(F)cn1,1248_Library_D
,
O=C(Cc1cc[nH]c(=O)c1Br)Nc1ccc(F)cn1,1249_Library_D
,
O=C(Cc1ccc(Br)cc1Cl)N1CCC(Oc2ccccn2)C1,1250_Library_D
,
O=C(Cc1ccc(Br)cc1Cl)NC1COC1c1ccccc1,1251_Library_D
,
O=C(Cc1ccc(Br)cc1Cl)NCCc1ncc(F)cc1F,1252_Library_D
,
O=C(Cc1ccc(Br)cc1Cl)Nc1cccc2nonc12,1253_Library_D
,
O=C(Cc1ccc(Br)cn1)N1CCC2CCN(c3ncccn3)C21,1254_Library_D
,
O=C(Cc1ccc(Br)cn1)Nc1cc(F)c(F)c(C(F)F)c1,1255_Library_D
,
O=C(Cc1ccc(Br)cn1)Nc1ccc(C(F)F)nc1,1256_Library_D
,
O=C(Cc1ccc(Br)cn1)Nc1cccc2c1CCOC2,1257_Library_D
,
O=C(Cc1ccc(C(=O)NCC23CCC2CCN3)cc1)Nc1ccc(F)cn1,1258_Library_D
,
O=C(Cc1ccc(Cl)cc1F)Nc1ncnn1-c1cccnc1,1259_Library_D
,
O=C(Cc1ccc(Cl)cn1)NC(c1ccccc1)C1(O)CCCCC1,1260_Library_D
,
O=C(Cc1ccc(Cl)cn1)Nc1cccc2c1OCCC2O,1261_Library_D
,
O=C(Cc1ccc(Cl)cn1)OCCc1ccc(OC(F)(F)F)cc1,1262_Library_D
,
O=C(Cc1ccc(F)cc1)NCc1ccccc1NC(=O)C1CC2(COC2)C1,1263_Library_D
,
O=C(Cc1ccc(F)cc1)Nc1ccc(NC(=O)N2CC3(F)CCCC3(CO)C2)cc1,1264_Library_D
,
O=C(Cc1ccc(F)cc1)Nc1ncc(Br)cc1O,1265_Library_D
,
O=C(Cc1ccc(F)cc1C(F)(F)F)N1CC(O)(c2cccc(F)c2)C1,1266_Library_D
,
O=C(Cc1ccc(F)cc1C(F)(F)F)Nc1cnn(-c2cccnc2)n1,1267_Library_D
,
O=C(Cc1ccc(F)cc1Cl)Nc1ccc2ncc(Cl)n2c1,1268_Library_D
,
O=C(Cc1ccc(F)cc1F)N1CCC=C(c2ccccn2)C1,1269_Library_D
,
O=C(Cc1ccc(F)cc1F)NC(c1ncccn1)C1CC1,1270_Library_D
,
O=C(Cc1ccc(F)cc1F)Nc1cccc2c1NC(=O)CNC2=O,1271_Library_D
,
O=C(Cc1ccc(F)cn1)NCc1ccc(SC(F)F)cc1,1272_Library_D
,
O=C(Cc1ccc(F)cn1)Nc1cccc(C2CC(F)(F)C2)c1,1273_Library_D
,
O=C(Cc1ccc(F)cn1)Nc1nc2ncc(C(=O)O)cn2n1,1274_Library_D
,
O=C(Cc1ccc(NC(=O)C2(C(F)F)CCCO2)cc1)Nc1ccc(F)cc1,1275_Library_D
,
O=C(Cc1ccc(NC(=O)C2CC3CCC(C2)O3)cc1)Nc1ccc(F)cn1,1276_Library_D
,
O=C(Cc1ccc2nonc2c1)Nc1ccc(Cl)cc1NC(=O)C1CCC1,1277_Library_D
,
O=C(Cc1ccccc1OC1CCOC1)N(c1ccc(F)cc1)C1CC1,1278_Library_D
,
O=C(Cc1ccn2cncc2c1)OC1CCN(c2ccc(F)cc2F)C1=O,1279_Library_D
,
O=C(Cc1ccncc1Cl)Nc1cnc(Cl)cn1,1280_Library_D
,
O=C(Cc1ncc(F)cn1)NCC1(c2ccccn2)CCOCC1,1281_Library_D
,
O=C(Cn1nnc2ccccc21)Nc1ncc(Cl)cc1O,1282_Library_D
,
O=C(N1CC(c2ccccc2)C1CO)C1(c2ccc(Cl)cc2)CC1,1283_Library_D
,
O=C(N1CCCC(c2ccc(F)c(O)c2)C1)C1(c2ccc(F)cn2)CC1,1284_Library_D
,
O=C(N1CCc2c(O)ccc(F)c2C1)C1(c2ccc(F)cn2)CCC1,1285_Library_D
,
O=C(N1Cc2cccnc2C1)C1(c2ccc(Cl)cc2)CC(F)(F)C1,1286_Library_D
,
O=C(NC(CO)c1ccc(F)c(Br)c1)c1c(O)cnc2cc(F)ccc12,1287_Library_D
,
O=C(NC(Cc1nn[nH]n1)c1ccccc1)c1c(O)cnc2cc(F)ccc12,1288_Library_D
,
O=C(NC1(C(=O)Nc2ccc(F)cc2)CC1)c1nn(CCO)c2ccccc12,1289_Library_D
,
O=C(NC1(CNc2ccncn2)CCC1)C1(c2ccc(F)cc2F)COC1,1290_Library_D
,
O=C(NC1(CO)CN(c2ncnc3c2CCO3)C1)C(F)c1ccc(F)cc1F,1291_Library_D
,
O=C(NC1(c2ccc(=O)[nH]c2)CCC1)C(F)(F)c1ccc(F)cc1F,1292_Library_D
,
O=C(NC1(c2ccc(=O)[nH]c2)CCC1)c1ccnc2cc(F)cnc12,1293_Library_D
,
O=C(NC1(c2ccccc2F)CC(O)C1)c1ncc2cc(Cl)ccn12,1294_Library_D
,
O=C(NC1(c2ccncc2)CCC1)C(F)(F)c1ccc(Cl)cc1,1295_Library_D
,
O=C(NC1(c2nccc(C(F)F)n2)CCC1)C1Cc2cc(F)ccc21,1296_Library_D
,
O=C(NC1(c2ncccc2F)CCC1)c1c(O)cnc2cc(F)ccc12,1297_Library_D
,
O=C(NC1=Nc2cncnc2SC1)c1c(O)cnc2cc(F)ccc12,1298_Library_D
,
O=C(NC1CC(=O)N(c2ccc(F)cc2)C1)c1ncnc2c1cnn2CCO,1299_Library_D
,
O=C(NC1CC(CO)(c2ccccc2)C1)N1CCc2cc(Br)cnc21,1300_Library_D
,
O=C(NC1CC(CO)c2ccccc21)C(O)c1ccc(Br)cc1F,1301_Library_D
,
O=C(NC1CC1c1ccc(C(F)(F)F)cc1)c1c(O)cnc2cc(F)ccc12,1302_Library_D
,
O=C(NC1CCN(c2ccc(Cl)cc2)C1=O)c1ccnc2c1CNCC2,1303_Library_D
,
O=C(NC1CCN(c2ccc(F)cc2F)C1=O)c1ccc(C2=CCOCC2)cc1,1304_Library_D
,
O=C(NC1CN(c2ccncn2)C1)C1(c2ccc(F)cc2F)CCCC1,1305_Library_D
,
O=C(NC1COCC1c1ccccc1)C(F)(F)c1ccc(F)cc1F,1306_Library_D
,
O=C(NC1c2ccccc2CC1(F)F)C(O)c1ccc(F)cc1F,1307_Library_D
,
O=C(NCC(CO)c1cccnc1)C1(c2ccc(Br)cn2)CC1,1308_Library_D
,
O=C(NCC(F)(F)Oc1ccccc1)c1ncn2cc(Cl)ccc12,1309_Library_D
,
O=C(NCC(c1ccccc1)C(F)F)Nc1ncc(Cl)cc1O,1310_Library_D
,
O=C(NCC(c1ccccc1)C1CC1)C(O)c1ccc(F)cc1F,1311_Library_D
,
O=C(NCC(c1ccccc1)C1CC1)Nc1ccc(F)cc1CC(F)(F)F,1312_Library_D
,
O=C(NCC(c1cccnc1)N1CCCC1)c1ncn2cc(Cl)ccc12,1313_Library_D
,
O=C(NCC1(O)CCc2cc(O)ccc2C1)C(c1ccc(Cl)cc1)n1ccnn1,1314_Library_D
,
O=C(NCC1(c2ccc(Cl)cn2)CC1)C(F)(F)c1ccc(F)cc1F,1315_Library_D
,
O=C(NCC1(c2ccccn2)CCOCC1)c1ncc2cc(Cl)ccn12,1316_Library_D
,
O=C(NCC1Cc2ccccc2CO1)C(CC(F)F)c1ccc(F)cc1,1317_Library_D
,
O=C(NCCc1c(F)cc(O)cc1F)C(CO)c1ccc(F)cc1,1318_Library_D
,
O=C(NCCc1cc(O)cc(F)c1)C1(c2ccc(Br)cn2)CCC1,1319_Library_D
,
O=C(NCCc1cc(O)ccc1Br)C(O)c1ccc(Cl)cc1,1320_Library_D
,
O=C(NCCc1ccc(C(F)F)cn1)C(O)c1ccc(Cl)cc1F,1321_Library_D
,
O=C(NCCc1ccc(OCC(F)(F)F)nc1)Nc1cnc(Cl)cn1,1322_Library_D
,
O=C(NCCc1ccc2c[nH]nc2c1)c1c(O)cnc2cc(F)ccc12,1323_Library_D
,
O=C(NCCc1ccc2occc2c1)c1cnn2cc(Cl)cnc12,1324_Library_D
,
O=C(NCCc1ccnnc1)c1c(O)cnc2cc(Br)ccc12,1325_Library_D
,
O=C(NCCc1nnc2c(=O)[nH]ccn12)C1(c2ccc(F)cn2)CC1,1326_Library_D
,
O=C(NCc1cc(=O)[nH]c(=O)[nH]1)C1CCc2cc(F)ccc21,1327_Library_D
,
O=C(NCc1cc(=O)nc(C2CC2)[nH]1)C(O)c1ccc(F)cc1F,1328_Library_D
,
O=C(NCc1cc(=O)nc(C2CCC2)[nH]1)C(O)c1ccc(Cl)cc1Cl,1329_Library_D
,
O=C(NCc1cc(Cl)cc(Cl)c1)C(CC(F)F)c1ccc(F)cc1,1330_Library_D
,
O=C(NCc1ccc(-c2csnn2)cc1)c1c[nH]c2nc(Cl)ccc12,1331_Library_D
,
O=C(NCc1ccc(C2(F)COC2)cc1)Nc1ccc(F)cc1Br,1332_Library_D
,
O=C(NCc1ccc(C2CCC2)nc1)N1CCc2cc(F)cnc21,1333_Library_D
,
O=C(NCc1ccc(O)cn1)C(CC(F)(F)F)c1ccc(F)cc1,1334_Library_D
,
O=C(NCc1ccc(S(=O)(=O)CCO)cc1)c1c(O)cnc2cc(F)ccc12,1335_Library_D
,
O=C(NCc1ccc2c(c1)COCC2)c1cnc2cc(Br)ccn12,1336_Library_D
,
O=C(NCc1ccc2ccoc2c1)c1c(O)cnc2cc(F)ccc12,1337_Library_D
,
O=C(NCc1ccc2cncn2c1)C1(c2ccc(Cl)cc2F)CCC1,1338_Library_D
,
O=C(NCc1ccc2n[nH]nc2c1)c1ncn2cc(Cl)ccc12,1339_Library_D
,
O=C(NCc1ccc2oc(=O)[nH]c2c1)c1cncc2cc(F)ccc12,1340_Library_D
,
O=C(NCc1ccncc1OCC(F)F)c1coc2cc(F)ccc12,1341_Library_D
,
O=C(NCc1nc2cccc(Cl)c2[nH]1)N(c1ccc(F)cc1)C1CCC1,1342_Library_D
,
O=C(NCc1nc2ccncc2[nH]1)C(Cc1nn[nH]n1)c1ccc(Cl)cc1,1343_Library_D
,
O=C(NCc1ncccc1O)c1cnn2cc(Br)cnc12,1344_Library_D
,
O=C(NCc1nnc(C2CC2)n1-c1ccccc1)Nc1ccc(F)cc1F,1345_Library_D
,
O=C(NCc1nnc2c(=O)[nH]ccn12)Nc1ccc(Cl)cc1C(F)(F)F,1346_Library_D
,
O=C(NS(=O)(=O)Cc1ccccn1)C1(c2ccc(F)cn2)CC1,1347_Library_D
,
O=C(NS(=O)(=O)c1c[nH]c2ncccc12)C(F)c1ccc(Br)cc1,1348_Library_D
,
O=C(Nc1c(F)ccc2c1OCO2)C1CCc2cc(F)ccc21,1349_Library_D
,
O=C(Nc1c[nH]c(=O)[nH]c1=O)C(F)(F)c1ccc(Cl)cc1,1350_Library_D
,
O=C(Nc1cc(C2CCOC2)ccn1)C(CO)c1ccc(F)cc1,1351_Library_D
,
O=C(Nc1cc(O)cc(F)c1)C(F)(F)c1ccc(F)cc1,1352_Library_D
,
O=C(Nc1cc2n[nH]nc2cc1F)c1c(O)cnc2cc(F)ccc12,1353_Library_D
,
O=C(Nc1cc2n[nH]nc2cc1F)c1cnn2cc(Cl)cnc12,1354_Library_D
,
O=C(Nc1ccc(-c2ccncc2)cc1F)c1cncc2cc(F)ccc12,1355_Library_D
,
O=C(Nc1ccc(-c2cn[nH]c2)cc1)C(O)c1ccc(F)cc1F,1356_Library_D
,
O=C(Nc1ccc(-n2ccc(=O)[nH]2)cc1)C1(O)CCc2cc(F)ccc21,1357_Library_D
,
O=C(Nc1ccc(-n2cncn2)c(F)c1)Nc1cnc(Cl)cn1,1358_Library_D
,
O=C(Nc1ccc(Br)cc1)C(CCO)c1ccccc1,1359_Library_D
,
O=C(Nc1ccc(Br)cc1CCO)N1CCC=C(c2ccccn2)C1,1360_Library_D
,
O=C(Nc1ccc(C(F)C(F)(F)F)cn1)C(F)(F)c1ccc(F)cc1,1361_Library_D
,
O=C(Nc1ccc(C(F)C(F)(F)F)cn1)N(c1ccc(F)cc1)C1CC1,1362_Library_D
,
O=C(Nc1ccc(C(F)F)nc1)c1c(O)cnc2cc(F)ccc12,1363_Library_D
,
O=C(Nc1ccc(C2CCC2)nc1)C1(c2ccc(Br)cn2)CC1,1364_Library_D
,
O=C(Nc1ccc(CCO)cn1)Nc1ncc(Br)cc1C(F)F,1365_Library_D
,
O=C(Nc1ccc(Cl)cn1)N1CCC2(CC1)OCc1ccccc12,1366_Library_D
,
O=C(Nc1ccc(Cl)cn1)NC1(Cc2ccc(F)cc2F)CCCC1,1367_Library_D
,
O=C(Nc1ccc(Cn2cncn2)cc1)N1CCCc2cc(F)ccc21,1368_Library_D
,
O=C(Nc1ccc(F)c(O)c1F)NC1CCN(c2ccc(Cl)cc2F)C1=O,1369_Library_D
,
O=C(Nc1ccc(F)cc1)C1CS(=O)(=O)CC1NC1CCNc2ncccc21,1370_Library_D
,
O=C(Nc1ccc(F)cc1)NC1(c2ccc(F)cc2)CCCC1,1371_Library_D
,
O=C(Nc1ccc(F)cc1-c1ccco1)N1CC2(CCC2)c2ncccc21,1372_Library_D
,
O=C(Nc1ccc(F)cc1C(=O)N1CCC1)OCc1ccccc1F,1373_Library_D
,
O=C(Nc1ccc(F)cc1C(=O)N1CCNCC1)N1CCc2ccccc2C1,1374_Library_D
,
O=C(Nc1ccc(F)cc1C(F)(F)F)C1(O)CC(c2ccccc2)C1,1375_Library_D
,
O=C(Nc1ccc(F)cc1C(F)(F)F)C1CCCc2c(O)cccc21,1376_Library_D
,
O=C(Nc1ccc(F)cc1C(F)(F)F)N1CCc2c(F)cccc21,1377_Library_D
,
O=C(Nc1ccc(F)cc1Cl)N1CCC(O)C1c1cccc(F)c1,1378_Library_D
,
O=C(Nc1ccc(F)cc1N1CCOCC1)C1CC1c1ccc(C(F)(F)F)cc1,1379_Library_D
,
O=C(Nc1ccc(F)cc1OCC(F)(F)F)N1CC(O)C(Cc2ccccc2)C1,1380_Library_D
,
O=C(Nc1ccc(F)cc1OCC(F)F)C1CCSC(c2ncccc2O)=N1,1381_Library_D
,
O=C(Nc1ccc(F)cn1)N1CCC(Cc2ccc(F)c(Cl)c2)C1,1382_Library_D
,
O=C(Nc1ccc(N=S2(=O)CCCC2)cc1)C(F)c1ccc(F)cc1F,1383_Library_D
,
O=C(Nc1ccc(N=S2(=O)CCCC2)cc1)c1c(O)cnc2cc(F)ccc12,1384_Library_D
,
O=C(Nc1ccc(OCC(F)F)nc1)C1(c2ccc(F)cn2)CCCC1,1385_Library_D
,
O=C(Nc1ccc2c(c1)OC1(CCOCC1)O2)C(CC(F)F)c1ccc(F)cc1,1386_Library_D
,
O=C(Nc1ccc2cc[nH]c(=O)c2n1)Nc1ncc(F)cc1Cl,1387_Library_D
,
O=C(Nc1ccc2n[nH]nc2c1)Nc1ccc(Cl)cc1NC1CC1,1388_Library_D
,
O=C(Nc1ccc2nonc2c1)C1(c2ccc(Cl)cc2)CC(F)(F)C1,1389_Library_D
,
O=C(Nc1ccc2oc(CO)cc2c1)c1c(O)cnc2cc(F)ccc12,1390_Library_D
,
O=C(Nc1cccc(-c2cc[nH]n2)c1)c1c(O)cnc2cc(F)ccc12,1391_Library_D
,
O=C(Nc1cccc(C2CCOC2)c1)Nc1ccc(F)cc1C(F)(F)F,1392_Library_D
,
O=C(Nc1cccc(C2OCC2(F)F)c1)c1c(O)cnc2cc(F)ccc12,1393_Library_D
,
O=C(Nc1cccc(Cn2ccnn2)c1)c1cccc2cc(F)ccc12,1394_Library_D
,
O=C(Nc1cccc(OCC2CC2)c1)C1CCOc2cc(F)ccc21,1395_Library_D
,
O=C(Nc1cccc2[nH]c(=O)[nH]c12)C(CC(F)F)c1ccc(F)cc1,1396_Library_D
,
O=C(Nc1cccc2c(=O)nc[nH]c12)C(F)(F)c1ccc(F)cc1F,1397_Library_D
,
O=C(Nc1cccc2c1CCOC2)NC1CCCN(c2ccc(F)cc2)C1=O,1398_Library_D
,
O=C(Nc1cccc2cc[nH]c12)C1CC(=O)N(c2ccc(F)cc2F)C1,1399_Library_D
,
O=C(Nc1cccc2cncn12)C(F)(F)c1ccc(F)cc1F,1400_Library_D
,
O=C(Nc1cccc2occc12)c1c(O)cnc2cc(F)ccc12,1401_Library_D
,
O=C(Nc1ccn(-c2ccccn2)n1)C(CC(F)F)c1ccc(F)cc1,1402_Library_D
,
O=C(Nc1ccn(-c2ncccn2)n1)C(CC(F)(F)F)c1ccc(F)cc1,1403_Library_D
,
O=C(Nc1ccn(CC(F)(F)F)c(=O)n1)c1csc2cc(Cl)cnc12,1404_Library_D
,
O=C(Nc1ccnc(-n2cccn2)c1)c1ncn2cc(Cl)ccc12,1405_Library_D
,
O=C(Nc1ccnn1-c1cccnn1)C1(c2ccc(Br)cn2)CC1,1406_Library_D
,
O=C(Nc1cnc(Br)cn1)C1CCCc2c(O)cccc21,1407_Library_D
,
O=C(Nc1cnc(C(F)(F)F)nc1)C1(c2ccc(Cl)cc2)CC(F)(F)C1,1408_Library_D
,
O=C(Nc1cnc(Cl)cn1)C1(c2c(F)cccc2F)CCC1,1409_Library_D
,
O=C(Nc1cnc(Cl)cn1)C1(c2ccc(Cl)cc2)CC(F)(F)C1,1410_Library_D
,
O=C(Nc1cnc(Cl)cn1)C1(c2ccc(F)cn2)CC1,1411_Library_D
,
O=C(Nc1cnc(Cl)cn1)C1CC1c1ccncc1Cl,1412_Library_D
,
O=C(Nc1cnc(Cl)cn1)C1CCN(Cc2ccccc2)C1,1413_Library_D
,
O=C(Nc1cnc(Cl)cn1)C1Cc2cc(Br)cnc2C1,1414_Library_D
,
O=C(Nc1cnc(Cl)cn1)N1CCc2ccccc2C(O)C1,1415_Library_D
,
O=C(Nc1cnc(Cl)cn1)NC(Cc1ccc(O)cc1)c1cccs1,1416_Library_D
,
O=C(Nc1cnc(Cl)cn1)c1ccc(F)c2cccnc12,1417_Library_D
,
O=C(Nc1cnc(F)cn1)C1(Cc2ccc(F)cc2)CCCCO1,1418_Library_D
,
O=C(Nc1cnc(N2CCCC2)nc1)C1(c2ccc(Cl)cc2)CC1,1419_Library_D
,
O=C(Nc1cnc(N2CCOCC2)nc1)c1ccnc2cc(F)cnc12,1420_Library_D
,
O=C(Nc1cnccn1)C(F)(F)c1ccc(F)cc1F,1421_Library_D
,
O=C(Nc1cnn(-c2ccccc2)n1)c1cnn2cc(Br)cnc12,1422_Library_D
,
O=C(Nc1cnn(-c2ncccc2F)c1)N1CCc2cc(F)cnc21,1423_Library_D
,
O=C(Nc1nc2c(F)cccc2s1)c1c(O)cnc2cc(F)ccc12,1424_Library_D
,
O=C(Nc1nc2cncnc2s1)C1(c2ccc(F)cn2)CC1,1425_Library_D
,
O=C(Nc1ncc(Br)cn1)c1ncc2ccccc2c1O,1426_Library_D
,
O=C(Nc1ncc(Cl)cc1O)NC1CC(C(=O)O)c2ccccc21,1427_Library_D
,
O=C(Nc1ncc(Cl)cc1O)NC1CCCc2cccc(F)c21,1428_Library_D
,
O=C(Nc1ncc(Cl)cc1O)NC1c2ccccc2OCC1F,1429_Library_D
,
O=C(Nc1ncc(Cl)cc1O)c1cnn(-c2ccccc2F)c1,1430_Library_D
,
O=C(Nc1ncc(Cl)cc1O)c1nnn2ccccc12,1431_Library_D
,
O=C(Nc1ncc(F)cc1Cl)c1c[nH]nc1-c1ccccc1F,1432_Library_D
,
O=C(Nc1ncc(F)cc1Cl)c1nnn2ccccc12,1433_Library_D
,
O=C(Nc1ncc(F)cn1)c1cnc(-c2ccncc2)[nH]c1=O,1434_Library_D
,
O=C(Nc1ncccc1OC1CCCC1)C(O)c1ccc(Cl)cc1,1435_Library_D
,
O=C(Nc1ncnc(NC2CC2)n1)N1CCN(c2ccc(Cl)cc2)C(=O)C1,1436_Library_D
,
O=C(Nc1nnc(Cl)cc1Cl)NC1c2ccccc2OCC1F,1437_Library_D
,
O=C(O)C(CCc1ccncc1)NC(=O)C1CCCc2cc(Cl)ccc21,1438_Library_D
,
O=C(O)C(Cc1cccc(F)c1)NC(=O)C1(c2ccc(Cl)cc2)CC(F)(F)C1,1439_Library_D
,
O=C(O)C(Cc1ccncc1)NC(=O)C1(c2ccc(F)cn2)CC1,1440_Library_D
,
O=C(O)C1CC1(C(=O)Nc1ccc(C2CCC2)nn1)c1ccc(F)cc1,1441_Library_D
,
O=C(O)C1CN(C(=O)C(F)(F)c2ccc(F)cc2F)CC(c2ccccc2)O1,1442_Library_D
,
O=C(O)C1Cc2cc(F)ccc2N(C(=O)c2nnn3ccccc23)C1,1443_Library_D
,
O=C(O)C1Cc2ccccc2CN1C(=O)Cc1ccc(Br)cc1F,1444_Library_D
,
O=C(O)C1Cc2ccccc2N(C(=O)C2(c3ncc(Br)cn3)CCC2)C1,1445_Library_D
,
O=C(O)CCc1ccccc1CNC(=O)c1coc2cc(F)ccc12,1446_Library_D
,
O=C(O)CN(C(=O)NCc1ccc2c(c1)CCCC2=O)c1ccc(Cl)cc1,1447_Library_D
,
O=C(O)c1ccc2c(c1)CN(C(=O)C1CCc3cc(F)ccc31)C2,1448_Library_D
,
O=C(O)c1ccc2n[nH]c(CNC(=O)c3ncc4cc(Cl)ccn34)c2c1,1449_Library_D
,
O=C(O)c1cccc(C(=O)OC2CCN(c3ccc(F)cc3F)C2=O)c1F,1450_Library_D
,
O=C(O)c1cccc(C2CCN(C(=O)C3(c4ccc(F)cn4)CC3)C2)c1,1451_Library_D
,
O=C(O)c1cnc(C2(NC(=O)C3CCc4cc(F)ccc43)CCCC2)nc1,1452_Library_D
,
O=C(OC(c1ccccc1)C1CC1)c1cncc2cc(Cl)ccc12,1453_Library_D
,
O=C(OC1CCCN(c2ccc(F)cc2)C1=O)c1cnc2n[nH]cc2c1,1454_Library_D
,
O=C(OC1CCN(c2ccc(F)cc2F)C1=O)c1cccc(CC(F)(F)F)c1,1455_Library_D
,
O=C(OC1CCOC(c2ccccc2)C1)C(F)(F)c1ccc(F)cc1F,1456_Library_D
,
O=C(OCC(=O)c1c[nH]c2cc(F)ccc12)c1cc2ccoc2cc1F,1457_Library_D
,
O=C(OCCc1cc(Cl)ccn1)C(c1ccc(F)cc1)C(F)F,1458_Library_D
,
O=C(OCCn1ncc2ccccc21)C1(c2ccc(F)cn2)CCC1,1459_Library_D
,
O=C(OCc1c[nH]cc(Cl)c1=O)c1ncn2cc(Cl)ccc12,1460_Library_D
,
O=C(OCc1cc2c(cn1)OCCO2)C1(c2ccc(Cl)cc2)CC(F)(F)C1,1461_Library_D
,
O=C(OCc1ccc2c(c1)oc(=O)n2C1CC1)C1CCc2cc(F)ccc21,1462_Library_D
,
O=C(OCc1cccnn1)C1(c2ccc(Cl)cc2Cl)CCOCC1,1463_Library_D
,
O=C(OCc1ccn2nccc2c1)C1(c2ccc(Cl)cc2)CC(F)(F)C1,1464_Library_D
,
O=C(OCc1nc2ncccc2[nH]1)C1(c2ccc(Br)cn2)CCC1,1465_Library_D
,
O=C(c1c(O)cnc2cc(F)ccc12)N1CCC(Cc2cccc(O)c2)C1,1466_Library_D
,
O=C(c1c(O)cnc2cc(F)ccc12)N1CCCC(c2ccc(O)cc2)C1,1467_Library_D
,
O=C(c1c(O)cnc2cc(F)ccc12)N1CCCCc2c(O)cccc21,1468_Library_D
,
O=C(c1c(O)cnc2cc(F)ccc12)N1CCc2c(O)ccc(F)c2C1,1469_Library_D
,
O=C(c1cc2ccoc2cc1F)N1CCN(c2ccc(Cl)cc2F)C(=O)C1,1470_Library_D
,
O=C(c1cccc(NC(=O)C2(c3ccc(Cl)cc3)CC(F)(F)C2)c1)C1CC1,1471_Library_D
,
O=C(c1cccc2c1CNCC2)N1CCN(c2ccc(F)cc2F)C(=O)C1,1472_Library_D
,
O=C(c1cccc2n[nH]nc12)N1CCN(c2ccc(F)cc2F)C(=O)C1,1473_Library_D
,
O=C(c1ccnc2cc(F)cnc12)N1CCN(c2ccc(Cl)cn2)CC1,1474_Library_D
,
O=C(c1cnc2c(c1)CCCN2)N1CCN(c2ccc(F)cc2F)C(=O)C1,1475_Library_D
,
O=C(c1cnccc1N1CCOCC1)N1CCN(c2ccc(F)cc2F)C(=O)C1,1476_Library_D
,
O=C(c1cnn2cc(Br)cnc12)N1CC(c2nc(=O)cc[nH]2)C1,1477_Library_D
,
O=C(c1ncc2cc(Cl)ccn12)N1CCc2c(F)ccc(F)c21,1478_Library_D
,
O=C(c1ncn2cc(Cl)ccc12)N1CC(O)(c2ccc(F)cc2)C1,1479_Library_D
,
O=C1C(N2CC3COCc4ccccc4C32)CCCN1c1ccc(F)cc1,1480_Library_D
,
O=C1C(NS(=O)(=O)c2ccc3c(c2)COCC3)CCCN1c1ccc(Cl)cc1,1481_Library_D
,
O=C1CC(C(=O)NCc2cccc(C3OCCO3)c2)c2ccc(F)cc2N1,1482_Library_D
,
O=C1CC(CNC(=O)c2csc3cc(Cl)cnc23)c2ccccc2N1,1483_Library_D
,
O=C1CC(NC(=O)c2cc(F)c(CO)c(F)c2)c2cc(Br)ccc2N1,1484_Library_D
,
O=C1CC(O)(C(=O)N2CCC=C(c3cccnc3)C2)c2ccc(Cl)cc2N1,1485_Library_D
,
O=C1CCC(CNC(=O)c2nnc3cc(Cl)ccn23)(c2ccccc2)N1,1486_Library_D
,
O=C1CCC(NC(=O)C(CO)c2ccc(Cl)cc2)C(c2cccnc2)N1,1487_Library_D
,
O=C1CCCc2cc(CNC3CCN(c4ccc(F)cc4F)C3=O)ccc21,1488_Library_D
,
O=C1CCN(C(=O)C2(c3ccc(Br)cn3)CCC2)C1c1ccccc1,1489_Library_D
,
O=C1CCc2cc(CC(=O)NC3CCN(c4ccc(Cl)cc4)C3=O)ccc2N1,1490_Library_D
,
O=C1CCc2cc(NC(=O)C3(c4ccc(F)cn4)CCCC3)cnc21,1491_Library_D
,
O=C1CN(C(=O)N2CCOCc3cc(Cl)ccc32)CCN1c1cccnc1,1492_Library_D
,
O=C1CN(C(=O)Nc2cc3c(cc2F)OCCC3)c2cc(F)ccc2N1,1493_Library_D
,
O=C1CNc2c(ncnc2NC2CC(=O)N(c3ccc(F)cc3Cl)C2)N1,1494_Library_D
,
O=C1Cc2c(NC(=O)N3CCOc4cc(Cl)cnc43)ccnc2N1,1495_Library_D
,
O=C1NCCN(C(=O)NCC2(O)CCc3cc(F)ccc32)c2ccc(F)cc21,1496_Library_D
,
O=C1NCCOc2ccc(NC(=O)C(CC(F)F)c3ccc(F)cc3)cc21,1497_Library_D
,
O=C1NCc2cc(OCC(=O)n3ccc4cc(Cl)ccc43)ccc21,1498_Library_D
,
O=C1NCc2ccc(NC(=O)C(F)(F)c3ccc(F)cc3Cl)cc2N1,1499_Library_D
